BOAT,TIME_LOCAL_unk,LATITUDE_GPS_unk,LONGITUDE_GPS_unk,BOAT_SPEED_km_h_1,GPS_SOG_km_h_1,HEADING_deg,TWA_SGP_deg,TWS_SGP_km_h_1,TWD_SGP_deg,AWA_SGP_deg,RATE_YAW_deg_s_1,GPS_COG_deg,LEEWAY_deg,VMG_km_h_1,ANGLE_CA1_deg,ANGLE_CA2_deg,ANGLE_CA3_deg,ANGLE_CA4_deg,ANGLE_CA5_deg,ANGLE_CA6_deg,ANGLE_WING_TWIST_deg,ANGLE_WING_ROT_deg,PITCH_deg,HEEL_deg,LENGTH_RH_P_mm,LENGTH_RH_S_mm,LENGTH_RH_BOW_mm,ANGLE_RUDDER_deg,ANGLE_RUD_AVG_deg,ANGLE_RUD_DIFF_TACK_deg,ANGLE_DB_RAKE_P_deg,ANGLE_DB_RAKE_S_deg,ANGLE_DB_CANT_P_deg,ANGLE_DB_CANT_S_deg,TRK_LEG_NUM_TOT_unk,TRK_LEG_NUM_unk,TRK_RACE_NUM_unk,PC_TTS_s,PC_TTK_s,PC_TTB_s,PC_DTB_m,PC_DTL_m,PC_TTM_s,TWD_avg
ESP,2025-01-19 15:56:12,-36.8363614,174.7653082,42.14,43.35,120.51,-63.33,34.04,57.74,-28.68,-0.08,121.76,-1.44,18.17,16.8,9.3,0.0,2.42,-4.79,-11.87,-28.68,-16.11,-0.63,0.65,568.59,603.22,694.98,-0.57,2.41,5.4,5.0,3.89,-0.72,0.69,7.0,0.0,25011905.0,50.31,23.8,18.88,155.79,191.05,19.5,57.739999999999995
ESP,2025-01-19 16:06:01,-36.8342069,174.763456,22.0,23.09,139.65,-81.39,34.29,54.25,-50.75,11.39,131.81,1.95,1.59,-18.37,-18.23,0.0,-18.3,-18.46,-18.29,0.08,-22.08,-2.34,2.88,21.47,-131.72,-57.02,-15.44,0.77,4.91,5.0,7.76,0.75,-0.01,7.0,0.0,25011905.0,120.27,-39.4,85.4,410.56,-92.56,97.6,54.25
ESP,2025-01-19 16:06:10,-36.8347986,174.7635304,25.75,26.94,169.92,-142.39,36.11,54.81,-97.08,-12.5,169.28,-0.88,-20.79,18.35,18.4,0.0,18.11,17.86,17.92,-0.43,-39.78,2.53,1.82,36.66,4.03,354.03,13.04,0.55,4.31,5.0,2.65,0.75,-0.01,7.0,0.0,25011905.0,111.37,-100.0,47.51,359.01,-32.57,47.4,55.67500653460058
ESP,2025-01-19 16:06:20,-36.8351564,174.7642023,23.74,25.39,106.8,-59.95,35.35,49.23,-37.22,0.62,109.35,-3.34,14.5,18.33,13.51,0.0,9.01,4.32,-0.17,-18.5,-37.54,-0.02,1.09,103.76,107.16,272.75,0.0,0.55,4.57,5.0,1.85,0.75,0.02,7.0,0.0,25011905.0,101.27,-100.0,83.75,303.92,26.71,84.2,52.05509830396787
ESP,2025-01-19 16:06:30,-36.8354275,174.765082,31.8,34.78,107.43,-62.66,38.15,49.01,-35.13,-0.45,108.11,-0.46,15.15,18.4,17.68,0.0,16.9,16.03,15.7,-2.72,-39.58,0.42,2.17,85.1,-37.66,113.75,0.56,0.57,3.17,5.0,1.06,0.75,0.02,7.0,0.0,25011905.0,91.37,-100.0,53.91,261.09,81.46,53.0,49.29100003549962
ESP,2025-01-19 16:06:40,-36.835679,174.7659925,22.2,24.48,114.45,-51.31,36.79,50.54,-32.88,1.75,114.36,-0.93,15.96,18.38,18.29,0.0,18.31,18.35,18.33,-0.03,-40.19,0.18,1.22,-35.26,-45.06,191.15,-1.75,0.56,4.59,5.0,0.66,0.75,0.01,7.0,0.0,25011905.0,81.27,56.8,54.03,214.71,149.49,54.6,48.74797142334607
ESP,2025-01-19 16:06:50,-36.8360027,174.7666562,26.16,27.67,123.51,-56.92,35.31,60.52,-33.22,2.65,122.67,-0.86,12.72,18.37,16.75,0.0,15.4,13.87,12.59,-5.79,-40.17,-0.57,3.68,159.03,-29.2,207.12,-3.34,0.55,4.35,5.0,0.6,0.75,0.02,7.0,0.0,25011905.0,71.37,54.35,31.59,168.98,210.69,32.1,56.508313662259816
ESP,2025-01-19 16:07:00,-36.8364699,174.7674671,24.58,28.71,99.03,-52.74,34.66,62.44,-31.11,-8.54,103.63,-2.23,15.45,18.35,18.23,0.0,18.24,18.14,18.07,-0.29,-39.88,2.52,-1.01,176.3,145.03,621.93,9.19,0.55,3.79,5.0,0.48,0.75,0.02,7.0,0.0,25011905.0,61.27,43.1,31.78,101.49,290.52,25.4,62.396013081943615
ESP,2025-01-19 16:07:10,-36.8364075,174.767858,5.49,5.95,40.36,19.22,37.52,61.87,16.92,-1.89,47.09,1.0,5.07,6.44,6.31,0.0,6.25,6.15,6.26,-0.19,6.38,-1.19,-1.33,-64.14,3.87,133.2,14.47,0.55,5.85,2.79,1.93,-0.51,0.01,7.0,0.0,25011905.0,51.37,31.5,250.71,97.63,305.57,256.9,62.30599918311895
ESP,2025-01-19 16:07:20,-36.8362355,174.7680704,9.72,10.48,37.88,28.58,38.43,62.67,22.95,1.6,48.53,-0.95,8.21,-1.05,-1.21,0.0,-1.16,-1.02,-1.04,0.01,18.74,-0.07,-1.05,-19.31,-88.88,82.01,-3.99,0.55,5.52,4.34,5.0,2.25,0.0,7.0,0.0,25011905.0,41.37,23.05,136.01,111.25,294.26,139.7,61.823997611838024
ESP,2025-01-19 16:07:30,-36.8360316,174.7683217,12.56,12.35,34.08,27.29,38.41,63.53,20.96,1.33,39.68,3.34,10.93,-17.86,-17.59,0.0,-17.58,-17.48,-17.53,0.34,26.71,-1.04,-1.24,-90.58,-13.86,141.8,0.63,0.57,5.44,4.36,5.0,2.25,-0.0,7.0,0.0,25011905.0,31.27,13.85,115.32,128.69,283.45,126.5,63.94900322470237
ESP,2025-01-19 16:07:40,-36.8357176,174.7686119,22.77,22.31,27.38,46.27,33.41,64.68,27.98,1.5,31.97,0.29,15.15,-17.87,-16.97,0.0,-16.02,-15.24,-14.27,3.55,29.53,-0.84,-5.74,-26.49,224.0,254.66,0.48,0.33,4.22,7.75,5.0,2.28,-0.0,7.0,0.0,25011905.0,21.27,5.4,64.94,155.28,263.9,66.4,63.81099749240842
ESP,2025-01-19 16:07:50,-36.835,174.7689744,38.13,37.68,11.15,53.07,43.33,67.1,27.29,-2.31,16.9,-1.89,23.61,-17.85,-12.19,0.0,-6.93,-1.62,3.74,21.58,24.22,-0.19,-0.91,743.04,774.68,950.84,3.67,1.24,3.49,7.4,5.0,-1.14,0.0,7.0,0.0,25011905.0,11.27,-0.35,45.87,201.85,208.94,44.0,66.73401274350569
ESP,2025-01-19 16:08:00,-36.8336681,174.7689616,71.38,70.36,342.83,78.87,40.91,65.19,25.85,-2.85,346.34,-1.26,8.07,-17.73,-8.09,0.0,1.09,10.38,19.7,37.39,26.54,-1.21,-3.49,532.11,647.17,564.89,1.25,0.81,-0.56,1.96,5.01,-2.14,-0.01,7.0,0.0,25011905.0,1.37,-2.7,34.12,203.7,85.33,34.5,66.2740060791447
ESP,2025-01-19 16:08:10,-36.831903,174.7682319,75.93,73.71,328.26,98.42,39.49,65.87,28.22,-2.3,332.35,-1.72,-13.02,-17.71,-10.3,0.0,-3.24,4.01,11.18,28.88,20.92,-1.94,-3.91,1183.4,1355.39,1349.94,1.62,0.92,-0.68,1.18,5.0,-5.7,0.0,7.0,1.0,25011905.0,-8.73,-2.8,26.16,224.01,58.55,25.5,65.165998802662
ESP,2025-01-19 16:08:20,-36.8303421,174.7669349,79.76,77.46,317.41,93.82,40.29,62.23,27.39,0.17,318.92,-0.64,-7.81,-17.73,-11.07,0.0,-4.94,1.36,8.02,25.74,21.37,-2.0,0.35,995.2,945.75,947.71,0.67,1.23,-0.27,2.31,5.0,-5.7,0.0,7.0,1.0,25011905.0,-18.73,-2.8,20.08,264.98,58.55,20.2,64.75706776574103
ESP,2025-01-19 16:08:30,-36.8289113,174.7649735,95.57,93.96,291.29,124.39,38.29,60.35,23.82,-4.32,291.49,0.81,-57.61,-17.71,-11.0,0.0,-4.55,1.82,8.36,26.13,20.1,-1.58,-0.9,1122.96,1109.42,1179.95,0.69,0.91,-1.77,0.08,5.0,2.67,0.0,7.0,1.0,25011905.0,-28.73,-2.8,15.99,142.84,58.55,15.9,60.45999636679315
ESP,2025-01-19 16:08:40,-36.8285506,174.7622793,83.99,82.67,276.79,147.31,39.89,60.5,22.9,-0.2,277.26,-0.22,-72.15,-21.85,-16.0,0.0,-10.19,-4.21,1.67,23.51,19.94,-1.54,-1.1,1009.02,1024.69,1082.12,0.69,1.05,-0.99,0.51,5.0,2.57,0.0,7.0,2.0,25011905.0,-38.73,-2.8,15.34,139.35,58.55,6.0,59.8449987063438
ESP,2025-01-19 16:08:50,-36.8283234,174.7598157,77.75,77.0,267.03,150.21,37.92,63.23,21.18,-3.78,268.42,-0.78,-67.71,-21.85,-18.54,0.0,-14.99,-11.47,-7.84,14.02,26.0,-3.24,-0.84,913.78,961.99,851.56,2.31,1.44,0.09,2.57,1.59,2.59,0.03,7.0,2.0,25011905.0,-48.63,-2.8,8.95,52.85,58.55,0.0,62.300007703249676
ESP,2025-01-19 16:09:00,-36.829363,174.7585434,69.75,68.77,203.94,-142.68,39.64,57.7,-32.79,2.69,201.68,-0.14,-54.52,22.99,21.55,0.0,20.32,19.09,18.32,-4.68,-22.8,-1.5,1.14,689.07,729.22,697.01,-2.29,0.93,-0.21,5.0,2.03,-0.57,-0.0,7.0,2.0,25011905.0,-58.73,-2.8,44.77,109.06,58.55,33.2,60.193031123928996
ESP,2025-01-19 16:09:10,-36.830855,174.7575754,67.17,66.35,209.2,-148.41,38.03,59.66,-30.04,-0.18,207.61,-0.25,-58.73,23.7,21.76,0.0,19.34,16.87,14.53,-9.18,-22.75,-0.91,2.35,1101.71,949.71,1128.05,-1.49,0.91,-0.07,4.99,1.01,-0.56,0.0,7.0,2.0,25011905.0,-68.63,-2.8,34.25,239.64,58.55,13.8,58.995003105744225
ESP,2025-01-19 16:09:20,-36.8323466,174.7564812,69.78,68.99,214.2,-145.82,46.56,63.48,-38.89,-2.42,212.57,0.59,-57.24,22.79,21.79,0.0,20.88,19.81,18.87,-3.88,-22.55,-0.7,0.92,784.94,825.03,909.16,-0.86,1.07,-0.09,5.0,1.01,-0.57,0.01,7.0,2.0,25011905.0,-78.73,-2.8,22.05,369.72,58.55,5.2,61.33196984221709
ESP,2025-01-19 16:09:30,-36.8337148,174.7551662,64.17,65.07,227.25,-167.66,43.16,67.22,-21.84,-1.63,226.21,-0.39,-63.36,21.31,21.17,0.0,21.07,20.89,20.57,-0.74,-19.43,-2.81,-2.66,464.74,693.62,511.45,-1.54,1.07,0.12,0.79,2.23,-0.36,0.02,7.0,2.0,25011905.0,-88.73,-2.8,11.46,219.39,58.55,0.1,65.51099605118034
ESP,2025-01-19 16:09:40,-36.8341868,174.7542585,26.88,24.09,300.61,138.21,41.81,67.02,98.91,5.83,297.71,2.71,-21.39,-21.55,-17.47,0.0,-13.98,-10.23,-6.69,14.87,27.77,-1.03,-3.38,117.08,259.6,157.28,-6.09,1.33,5.87,-0.57,5.0,-0.05,0.01,7.0,2.0,25011905.0,-98.73,-2.8,28.2,110.68,58.55,0.0,66.69999988640781
ESP,2025-01-19 16:09:50,-36.8334687,174.7537617,42.39,41.63,356.42,87.61,41.64,79.39,42.19,-3.53,2.08,-2.24,10.98,-21.36,-15.91,0.0,-10.75,-5.68,-0.37,21.04,28.57,-2.6,-5.2,346.23,597.95,654.22,3.76,1.26,2.78,2.68,5.0,-1.79,0.01,7.0,2.0,25011905.0,-108.73,-2.8,39.09,111.32,58.55,0.0,73.44107537647564
ESP,2025-01-19 16:10:00,-36.8323615,174.7536919,48.81,47.75,179.87,77.55,41.8,77.92,34.55,3.02,3.39,-1.78,14.77,-21.35,-14.19,0.0,-7.26,-0.54,6.25,27.6,17.54,-1.55,-2.32,574.26,544.22,577.24,1.61,1.45,2.4,3.03,5.0,-5.08,0.01,7.0,3.0,25011905.0,-118.73,-2.8,25.12,134.78,58.55,25.6,78.63699608804443
ESP,2025-01-19 16:10:10,-36.8310889,174.7540509,46.55,49.9,51.83,17.18,41.16,76.51,9.24,10.85,49.55,1.23,42.61,14.53,11.02,0.0,4.16,-1.58,-5.67,-19.96,-10.37,1.61,-5.46,831.22,891.82,1126.8,-3.69,2.13,-3.15,-2.07,1.92,-4.87,0.05,7.0,3.0,25011905.0,-128.73,-2.8,37.1,181.64,58.55,28.8,77.55600486434797
ESP,2025-01-19 16:10:20,-36.830975,174.7547121,14.45,15.88,98.04,-32.09,44.28,75.97,-25.73,1.81,103.36,-7.04,11.58,21.37,14.03,0.0,7.0,-0.29,-7.43,-28.69,-19.85,-0.91,2.7,46.82,-39.87,115.13,-4.83,2.1,7.5,4.16,1.64,-4.89,0.04,7.0,3.0,25011905.0,-138.73,-2.8,336.79,182.73,58.55,47.6,75.29309528934637
ESP,2025-01-19 16:10:30,-36.8312304,174.7555456,33.24,34.99,107.52,-47.95,41.41,68.63,-28.64,0.21,110.7,-4.3,22.8,21.36,11.48,0.0,1.96,-7.75,-16.99,-38.31,-20.27,1.99,3.31,569.06,341.17,776.22,1.62,2.1,6.2,5.0,5.32,0.86,0.05,7.0,3.0,25011905.0,-148.73,-2.8,121.56,227.9,58.55,42.5,72.18710803176695
ESP,2025-01-19 16:10:40,-36.8316117,174.7568147,50.9,52.9,106.19,-49.01,38.89,63.54,-22.16,-1.6,108.92,-2.44,34.57,21.39,11.53,0.0,2.28,-7.28,-16.51,-37.91,-15.79,-1.71,0.77,740.06,670.59,713.04,0.78,3.15,5.58,5.0,3.06,0.85,-1.03,7.0,3.0,25011905.0,-158.73,-2.8,76.78,303.8,58.55,36.2,65.802017499271
ESP,2025-01-19 16:10:50,-36.8319233,174.7584916,53.17,54.94,103.61,-43.11,36.96,59.88,-18.35,0.7,104.91,-1.58,39.25,18.78,9.57,0.0,1.06,-8.08,-16.58,-35.29,-16.0,-2.65,1.27,837.6,822.94,796.89,-0.5,3.12,5.43,5.0,4.59,0.85,-4.84,7.0,3.0,25011905.0,-168.73,-2.8,71.45,381.95,58.55,29.2,61.155979150232376
ESP,2025-01-19 16:11:00,-36.8322781,174.7602805,58.35,60.79,102.18,-45.95,39.81,59.27,-19.42,0.15,102.97,-1.03,37.94,18.72,7.47,0.0,-3.17,-14.19,-22.29,-40.99,-14.73,-1.7,2.56,1123.58,980.83,1062.77,0.15,2.98,4.68,5.0,2.76,0.85,-4.8,7.0,3.0,25011905.0,-178.73,-2.8,56.46,444.98,58.55,22.0,59.67300016761806
ESP,2025-01-19 16:11:10,-36.8329229,174.7621598,76.27,77.08,137.07,-73.97,40.39,58.75,-24.06,5.18,134.8,0.0,14.2,18.76,7.87,0.0,-2.25,-12.58,-22.77,-41.59,-20.47,-2.6,0.94,1024.28,1101.19,1107.58,-1.83,2.32,2.1,5.0,3.1,0.85,-4.76,7.0,3.0,25011905.0,-188.73,-2.8,21.16,414.33,58.55,13.6,58.395998888282236
ESP,2025-01-19 16:11:20,-36.8339035,174.7640769,66.72,69.03,107.42,-49.19,34.46,58.5,-17.0,-0.26,108.55,-1.37,48.24,18.8,10.53,0.0,3.0,-4.91,-12.23,-30.99,-14.06,-2.68,1.26,989.27,913.53,952.45,-0.06,2.5,3.03,4.99,2.05,0.85,-4.84,7.0,3.0,25011905.0,-198.63,-2.8,21.09,249.94,58.55,3.4,58.90999985475779
ESP,2025-01-19 16:11:30,-36.8343191,174.7659711,46.56,50.43,64.28,-1.9,36.04,60.28,-2.79,-30.79,78.36,-4.99,46.87,-16.37,-10.56,0.0,-3.54,2.52,7.53,23.71,14.14,0.65,0.65,1136.0,1098.16,1316.51,11.8,2.76,-4.79,-1.5,-0.43,-0.39,-4.85,7.0,3.0,25011905.0,-208.73,-2.8,33.89,140.16,58.55,0.1,58.987987279203466
ESP,2025-01-19 16:11:40,-36.83333,174.7666085,45.35,45.18,19.99,46.11,34.3,63.6,19.11,-3.53,23.73,-0.08,29.09,-18.71,-8.37,0.0,1.58,11.55,20.79,39.58,16.35,-1.9,-3.14,925.65,867.59,1009.84,1.82,3.08,6.04,4.48,5.0,-1.38,-4.88,7.0,3.0,25011905.0,-218.73,-2.8,45.52,211.71,58.55,32.1,62.45503654625193
ESP,2025-01-19 16:11:50,-36.8321252,174.7671205,52.77,52.58,12.54,50.43,34.83,62.68,18.3,-2.28,18.3,-2.69,31.09,-18.81,-13.08,0.0,-7.43,-2.28,3.31,22.18,16.56,-3.16,-1.83,625.8,642.84,501.88,2.99,3.09,5.32,4.99,5.0,-3.41,0.88,7.0,3.0,25011905.0,-228.63,-2.8,30.04,318.9,58.55,18.2,63.09399934969589
ESP,2025-01-19 16:12:00,-36.83082,174.7674098,52.05,51.85,6.27,45.79,34.56,58.51,18.0,-0.11,8.88,-0.35,36.29,-18.82,-14.18,0.0,-9.7,-5.81,-1.4,17.43,15.83,-2.89,-0.37,927.93,926.45,818.2,1.59,3.1,5.38,5.13,5.0,-3.39,0.88,7.0,3.0,25011905.0,-238.73,-2.8,21.49,279.48,58.55,8.1,60.92105176600417
ESP,2025-01-19 16:12:10,-36.8295404,174.7676115,52.31,51.17,179.38,48.49,37.4,53.63,20.36,-6.49,2.18,0.49,33.96,-17.92,-11.27,0.0,-5.36,0.79,7.1,24.98,17.26,-2.45,-2.58,725.67,846.45,723.24,4.74,1.67,2.59,3.9,5.0,-0.29,0.88,7.0,3.0,25011905.0,-248.73,-2.8,12.33,159.19,58.55,0.0,55.8290049814044
ESP,2025-01-19 16:12:20,-36.828701,174.7659585,81.89,81.31,280.57,138.67,37.56,51.8,24.7,1.06,279.99,-0.12,-66.37,-17.76,-9.17,0.0,-1.17,7.03,15.45,33.25,16.69,0.05,-1.29,1000.64,979.15,1144.74,0.22,0.42,-2.24,0.12,5.0,-0.01,0.88,7.0,4.0,25011905.0,-258.43,-2.8,25.1,102.36,58.55,25.5,51.68598850024166
ESP,2025-01-19 16:12:30,-36.8284159,174.7635594,78.12,76.1,275.8,145.43,44.18,56.68,30.13,-0.97,276.83,-0.77,-65.26,-20.44,-9.67,0.0,0.7,11.33,22.12,42.6,16.37,-1.64,-2.24,1282.47,1364.58,1426.22,1.13,0.76,-1.17,0.85,5.0,0.03,0.88,7.0,4.0,25011905.0,-268.73,-2.8,19.1,105.3,58.55,15.9,54.656023514885185
ESP,2025-01-19 16:12:40,-36.8283338,174.7610875,77.91,76.92,275.37,156.68,40.6,59.97,21.88,1.05,274.58,0.12,-72.78,-23.41,-19.0,0.0,-14.43,-9.34,-4.13,19.18,18.43,-0.6,0.36,1279.15,1217.44,1379.52,0.29,1.01,-0.76,0.0,5.0,1.71,0.88,7.0,4.0,25011905.0,-278.73,-2.8,11.2,90.8,58.55,6.1,58.097968616597115
ESP,2025-01-19 16:12:50,-36.8284387,174.7588414,64.58,65.43,220.66,-34.15,40.52,67.12,-9.45,-12.1,225.61,-2.63,-64.55,23.87,17.8,0.0,11.78,5.57,-0.61,-24.49,-16.56,-0.88,2.12,895.46,808.02,911.18,3.24,1.06,-0.04,0.25,-0.24,1.72,-0.26,7.0,4.0,25011905.0,-288.73,-2.8,44.2,25.06,58.55,0.1,64.19004057473072
ESP,2025-01-19 16:13:00,-36.8299648,174.7578455,76.34,75.44,207.83,-148.87,40.59,62.53,-27.16,5.04,205.85,-0.69,-64.81,23.82,14.06,0.0,4.7,-5.03,-14.26,-38.17,-19.84,-1.42,4.22,1140.75,1034.02,1132.55,-2.76,1.12,-0.54,5.0,1.18,1.72,-0.3,7.0,4.0,25011905.0,-298.63,-2.8,34.97,149.57,58.55,18.2,64.9508969920552
ESP,2025-01-19 16:13:10,-36.8316419,174.7566013,83.08,81.29,210.82,-151.88,44.18,61.99,-26.23,0.25,209.97,-0.68,-74.2,23.84,15.19,0.0,7.01,-1.38,-9.58,-33.43,-19.35,-1.76,0.72,1109.34,1249.17,1362.89,-0.84,1.08,-0.76,4.99,-0.22,1.72,-0.29,7.0,4.0,25011905.0,-308.73,-2.8,22.0,293.15,58.55,9.2,62.25000008504925
ESP,2025-01-19 16:13:20,-36.8334274,174.755563,83.54,82.39,194.82,-148.25,41.86,56.23,-24.12,5.79,191.98,0.15,-65.94,23.83,12.51,0.0,1.83,-9.33,-20.38,-44.23,-25.38,-2.1,7.14,1034.99,812.78,992.03,-2.56,0.9,-1.28,5.0,1.21,1.72,-0.28,7.0,4.0,25011905.0,-318.73,-2.8,14.97,264.52,58.55,0.1,60.05131649467656
ESP,2025-01-19 16:13:30,-36.8352464,174.7551076,66.24,68.87,142.8,-102.44,41.72,52.49,-35.35,-7.58,145.89,-1.7,-15.17,18.83,11.44,0.0,4.68,-2.44,-9.25,-28.08,-32.12,-1.27,2.28,681.25,489.21,710.57,2.06,1.4,0.54,5.0,1.03,1.71,-1.64,7.0,5.0,25011905.0,-328.63,-2.8,8.5,96.75,58.55,-29.1,54.47904122894118
ESP,2025-01-19 16:13:40,-36.8361025,174.7567941,64.51,66.48,102.69,-57.79,40.73,46.58,-22.51,-4.69,105.2,-1.8,37.01,18.83,9.5,0.0,0.94,-7.79,-16.91,-35.73,-16.19,-2.03,2.3,929.62,812.06,914.19,0.75,2.07,2.26,-0.8,1.21,1.73,-3.63,7.0,5.0,25011905.0,-338.73,-2.8,5.66,32.99,58.55,5.2,48.953933450588195
ESP,2025-01-19 16:13:50,-36.8355038,174.7578156,45.26,45.14,6.32,53.23,40.83,46.71,26.4,5.31,4.82,2.0,26.57,-18.86,-7.66,0.0,3.07,13.96,24.42,43.27,13.64,-0.38,-3.67,690.04,859.22,836.52,-3.56,3.0,6.04,4.01,4.99,-0.12,-3.69,7.0,5.0,25011905.0,-348.33,-2.8,67.24,72.66,58.55,43.9,45.7799978578528
ESP,2025-01-19 16:14:00,-36.8343683,174.7581892,51.02,50.86,15.09,43.29,43.25,53.32,20.18,0.02,16.91,0.65,37.04,-16.82,-5.86,0.0,4.25,14.52,23.59,40.41,12.94,-1.04,-1.55,747.91,742.01,808.29,-0.15,2.65,4.64,2.7,5.0,-3.66,0.75,7.0,5.0,25011905.0,-358.53,-2.8,56.98,195.84,58.55,34.6,51.1141727316442
ESP,2025-01-19 16:14:10,-36.8330337,174.7587559,57.4,58.49,25.06,41.53,43.44,58.01,17.97,0.88,26.94,0.07,45.47,-16.88,-8.23,0.0,-0.32,7.7,15.45,32.36,11.21,-1.65,-1.92,964.85,1091.86,1124.29,0.0,2.65,4.03,1.82,4.99,-5.08,0.75,7.0,5.0,25011905.0,-368.73,-2.8,44.5,343.12,58.55,24.6,55.58495387228992
ESP,2025-01-19 16:14:20,-36.8317003,174.7595495,63.09,64.19,25.04,42.79,39.63,61.52,16.12,1.61,25.77,0.68,46.35,-15.84,-6.18,0.0,2.52,11.42,17.47,33.24,12.25,-2.23,-4.11,799.72,825.84,910.27,0.13,2.66,3.82,2.51,5.0,-5.25,0.75,7.0,5.0,25011905.0,-378.63,-2.8,31.33,406.88,58.55,15.7,60.320016640895865
ESP,2025-01-19 16:14:30,-36.8302759,174.7602704,60.53,60.38,11.94,37.72,39.84,59.04,15.46,0.86,12.8,1.06,44.24,-15.88,-6.59,0.0,1.88,10.55,19.16,35.08,8.82,-2.37,-0.78,870.1,773.86,827.9,-0.01,2.52,3.67,2.26,4.99,-5.27,0.75,7.0,5.0,25011905.0,-388.73,-2.8,19.16,276.88,58.55,6.5,61.56508278388683
ESP,2025-01-19 16:14:40,-36.8289831,174.7608466,42.59,45.48,76.15,-10.66,41.44,56.99,-4.66,24.34,67.3,3.69,42.49,15.43,7.24,0.0,-0.96,-9.01,-11.77,-27.04,-14.06,-0.12,1.62,1274.56,1078.6,1341.56,-10.08,2.82,5.08,-0.62,0.56,-5.29,-0.52,7.0,5.0,25011905.0,-398.63,-2.8,31.06,147.79,58.55,0.1,57.05099017720963
ESP,2025-01-19 16:14:50,-36.8293711,174.7623219,55.37,56.68,105.96,-54.23,38.83,55.56,-23.41,-0.99,108.21,-2.5,31.11,15.87,6.72,0.0,-1.94,-10.96,-20.05,-35.95,-11.07,-2.05,-1.11,931.67,986.52,1006.6,0.43,2.8,4.53,4.99,1.61,1.11,-1.21,7.0,5.0,25011905.0,-408.73,-2.8,50.75,220.93,58.55,23.9,56.80600775607064
ESP,2025-01-19 16:15:00,-36.8297693,174.7640187,53.82,55.54,106.72,-45.34,34.92,56.19,-18.32,-0.09,107.57,-1.37,39.71,15.81,9.35,0.0,3.25,-3.14,-9.45,-25.24,-11.05,-2.91,-1.67,1035.0,1151.94,1054.53,-0.85,3.1,5.25,4.99,4.2,1.11,-4.99,7.0,5.0,25011905.0,-418.63,-2.8,41.44,245.21,58.55,14.7,55.208995512711574
ESP,2025-01-19 16:15:10,-36.8301563,174.7656923,53.19,55.29,105.39,-43.69,34.51,58.93,-17.22,-0.12,105.68,-0.57,40.84,15.83,9.36,0.0,3.28,-3.1,-8.73,-24.64,-13.28,-2.47,-1.71,926.74,1008.71,915.85,-1.29,3.1,5.27,4.99,4.23,1.11,-4.96,7.0,5.0,25011905.0,-428.73,-2.8,30.66,263.67,58.55,5.9,58.11401912921282
ESP,2025-01-19 16:15:20,-36.8303925,174.767505,57.27,59.9,89.95,-40.09,35.32,56.03,-14.59,2.02,90.21,-0.35,47.5,15.87,11.24,0.0,6.78,1.9,-2.55,-18.36,-12.59,-2.67,-0.61,957.88,974.3,953.5,-2.29,2.95,4.54,4.99,2.94,1.11,-1.63,7.0,5.0,25011905.0,-438.73,-2.8,16.33,246.6,58.55,0.1,58.08104119102915
ESP,2025-01-19 16:15:30,-36.8314237,174.7684913,70.28,70.2,173.95,-101.53,37.12,57.6,-30.75,2.24,172.91,-0.65,-21.16,16.35,8.52,0.0,0.5,-7.89,-15.9,-32.19,-16.81,-0.83,0.95,1000.87,958.83,1056.7,-1.25,0.89,-0.32,4.99,-0.04,1.11,-0.4,7.0,6.0,25011905.0,-448.73,-2.8,19.36,195.2,58.55,11.2,55.22794082123792
ESP,2025-01-19 16:15:40,-36.8333067,174.7680826,69.25,72.15,208.48,-144.1,36.5,61.56,-26.3,13.39,202.6,1.23,-57.17,10.9,4.78,0.0,2.44,-1.95,-4.92,-16.14,-16.64,-2.71,-4.08,410.8,617.09,394.23,-4.81,1.25,-0.03,2.45,2.06,-0.18,-0.36,7.0,6.0,25011905.0,-458.73,-2.8,12.61,187.51,58.55,1.5,61.55211334259988
ESP,2025-01-19 16:15:50,-36.8333067,174.7666129,61.96,59.37,282.56,136.17,39.0,62.11,34.64,-4.27,286.91,-3.14,-45.11,-18.48,-11.54,0.0,-4.73,2.38,9.77,28.26,14.29,-1.54,0.35,902.59,808.85,887.75,4.19,0.55,-0.29,3.23,5.0,-5.55,-0.32,7.0,6.0,25011905.0,-468.53,-2.8,81.59,213.36,58.55,34.4,61.61000161185577
ESP,2025-01-19 16:16:00,-36.8330635,174.7645485,71.11,68.98,279.12,149.39,37.28,62.26,24.14,-0.39,279.76,-0.68,-60.74,-18.47,-10.38,0.0,-2.38,5.85,14.34,32.82,9.16,-1.05,-1.68,809.61,870.31,953.53,1.49,0.56,-1.22,0.77,5.0,-3.61,-0.32,7.0,6.0,25011905.0,-478.73,-2.8,60.65,305.94,58.55,24.8,61.510998082617384
ESP,2025-01-19 16:16:10,-36.8328765,174.7624529,70.17,67.82,268.68,155.91,36.61,66.43,20.84,-2.83,270.14,-0.74,-63.51,-18.48,-7.98,0.0,2.45,13.14,24.04,42.5,14.98,-1.07,-7.04,903.59,1216.09,1193.4,2.16,0.51,-1.16,0.5,5.0,0.63,-0.32,7.0,6.0,25011905.0,-488.63,-2.8,48.92,392.76,58.55,15.5,64.79302413305015
ESP,2025-01-19 16:16:20,-36.8328904,174.7602332,74.87,73.15,270.73,150.15,36.96,63.85,21.71,1.05,270.76,-0.58,-62.07,-19.93,-14.25,0.0,-9.15,-4.04,1.01,20.98,15.63,-0.48,-1.2,882.39,931.21,1038.91,0.82,0.7,-1.24,0.48,5.0,0.64,-0.32,7.0,6.0,25011905.0,-498.73,-2.8,35.62,379.27,58.55,6.7,64.86999088619366
ESP,2025-01-19 16:16:30,-36.8327989,174.7579404,76.09,74.4,270.93,148.36,36.79,63.13,22.86,0.17,271.21,-0.82,-64.69,-19.89,-11.46,0.0,-3.6,4.37,12.61,32.47,16.29,-1.73,-0.97,967.61,970.38,994.57,0.97,0.71,-1.25,0.18,-0.06,0.73,-0.31,7.0,6.0,25011905.0,-508.73,-2.8,25.24,386.11,58.55,0.0,63.36400000287319
ESP,2025-01-19 16:16:40,-36.8330533,174.7560484,54.14,54.06,215.16,36.31,38.9,61.75,-7.35,-15.16,218.55,-1.79,-54.07,19.92,18.57,0.0,16.92,15.67,14.25,-5.69,-17.05,-0.31,-2.18,523.14,505.24,609.86,5.86,0.71,0.2,-0.03,-1.4,0.74,-0.23,7.0,6.0,25011905.0,-518.73,-2.8,21.82,323.24,58.55,12.3,62.287000109442864
ESP,2025-01-19 16:16:50,-36.8345643,174.7556748,68.69,69.55,184.55,-143.43,42.5,54.23,-36.71,-12.3,186.5,-0.62,-56.89,19.93,19.65,0.0,19.73,19.75,19.55,-0.37,-31.38,-0.81,-1.03,578.07,636.02,669.46,2.79,0.42,-1.35,5.0,0.67,0.75,-3.94,7.0,6.0,25011905.0,-528.63,-2.8,12.04,190.93,58.55,1.7,57.22443083463365
ESP,2025-01-19 16:17:00,-36.8356086,174.7569952,64.2,65.61,117.0,-64.8,39.75,52.22,-24.89,-6.38,118.32,-0.83,30.65,19.93,12.5,0.0,5.42,-1.55,-8.8,-28.78,-22.28,-1.86,0.58,876.19,817.4,888.4,1.93,1.95,2.37,4.99,1.97,0.75,-4.89,7.0,7.0,25011905.0,-538.73,-2.8,9.12,88.19,58.55,9.8,52.838995556040054
ESP,2025-01-19 16:26:01,-36.8315236,174.7645217,14.74,12.87,276.87,166.02,28.05,82.03,151.97,0.91,276.64,-0.14,-14.38,-19.91,-19.55,0.0,-19.59,-19.48,-19.56,0.35,27.7,0.48,-1.07,-2.9,-8.37,199.3,1.08,0.27,4.59,1.37,5.0,1.43,0.92,7.0,0.0,25011906.0,120.27,95.25,328.59,432.51,-345.51,325.6,82.03
ESP,2025-01-19 16:26:10,-36.8315049,174.7641823,12.71,11.03,264.84,172.14,28.88,82.63,167.65,-4.01,265.15,-1.44,-12.67,-19.91,-19.48,0.0,-19.49,-19.54,-19.62,0.29,28.05,0.71,-0.96,-9.15,211.11,108.32,11.05,0.25,4.66,1.38,5.0,1.43,0.92,7.0,0.0,25011906.0,111.27,85.5,352.12,433.97,-337.92,343.3,82.62300078780025
ESP,2025-01-19 16:26:20,-36.8316832,174.7639303,16.72,15.84,213.12,-173.14,28.95,70.07,-164.56,-0.45,206.29,-0.36,-15.84,19.94,14.85,0.0,10.29,5.46,0.52,-19.43,-29.82,0.06,0.06,-118.12,-27.77,-35.65,-0.06,0.25,4.55,2.46,1.52,1.41,-0.46,7.0,0.0,25011906.0,101.37,77.95,153.91,451.78,-328.34,156.4,77.81332780480385
ESP,2025-01-19 16:27:01,-36.8326163,174.7629864,13.16,11.24,237.87,-171.48,31.45,61.38,-164.33,-0.34,231.66,-1.32,-13.09,19.9,17.89,0.0,16.16,13.96,12.16,-7.73,-25.92,-0.67,1.66,131.57,89.8,127.96,-1.23,0.69,5.56,5.0,1.89,1.41,-0.46,7.0,0.0,25011906.0,120.27,93.6,213.69,510.03,-259.97,212.1,61.38
ESP,2025-01-19 16:27:10,-36.8327924,174.7626933,15.43,13.56,241.14,-176.35,32.27,63.36,-172.85,0.94,234.98,-0.16,-15.43,19.9,17.77,0.0,16.03,14.11,12.19,-7.71,-25.9,-0.42,0.78,107.32,2.44,-24.19,-1.5,0.69,5.35,5.0,1.97,1.41,-0.46,7.0,0.0,25011906.0,111.27,999.0,189.14,480.65,999.0,184.5,62.60400748338082
ESP,2025-01-19 16:27:20,-36.832982,174.7623447,14.79,13.12,241.24,-174.82,30.59,63.38,-169.44,0.46,235.01,-0.09,-14.71,19.89,17.76,0.0,16.07,14.26,12.28,-7.61,-25.48,0.1,0.34,147.41,-58.66,51.67,-0.59,0.68,5.4,5.0,2.07,1.41,-0.46,7.0,0.0,25011906.0,101.37,64.2,191.17,443.51,-240.26,196.4,63.222999928044864
ESP,2025-01-19 16:27:30,-36.8331822,174.7620176,14.97,12.81,231.08,-171.16,35.74,63.04,-164.64,-5.39,224.88,0.2,-14.85,19.78,17.29,0.0,14.73,11.77,9.17,-10.54,-25.5,-0.23,2.7,-216.99,-57.25,32.97,4.2,0.69,5.51,5.0,2.03,1.41,-0.45,7.0,0.0,25011906.0,91.27,49.85,135.35,409.11,-241.21,143.5,63.57100072568712
ESP,2025-01-19 16:27:40,-36.8335363,174.7618173,17.75,17.76,172.99,-120.15,34.77,64.59,-89.61,-9.44,174.04,-5.69,-7.83,19.73,14.21,0.0,9.05,3.64,-1.8,-21.52,-24.7,0.94,4.44,122.19,-14.97,263.02,16.88,1.11,6.14,5.0,7.75,1.41,-0.46,7.0,0.0,25011906.0,81.27,4.9,106.34,366.24,-233.91,113.1,63.76700667118062
ESP,2025-01-19 16:27:50,-36.8339871,174.7624644,35.13,37.27,119.82,-66.29,35.53,61.71,-34.36,0.9,121.36,-2.9,14.45,19.68,11.78,0.0,3.91,-4.43,-12.53,-32.15,-28.19,-0.56,9.9,717.73,280.38,635.16,-0.86,1.73,5.04,5.0,4.12,1.41,-0.42,7.0,0.0,25011906.0,71.37,-98.65,66.15,364.41,-168.22,66.3,64.04407351174554
ESP,2025-01-19 16:28:00,-36.8345315,174.7635285,42.97,44.29,121.88,-67.33,40.38,58.91,-32.97,-0.13,121.55,-0.77,14.3,19.71,11.57,0.0,3.72,-4.37,-12.36,-32.06,-26.65,-1.64,5.83,1149.6,847.07,1049.04,-2.45,2.14,4.77,5.0,5.15,1.41,-0.44,7.0,0.0,25011906.0,61.27,-100.0,45.57,387.31,-65.44,46.6,59.80299127077878
ESP,2025-01-19 16:28:10,-36.8351748,174.7649362,54.03,55.98,119.27,-60.68,41.37,57.18,-26.04,1.81,119.39,-1.02,26.92,19.73,12.53,0.0,5.69,-1.56,-8.55,-28.33,-25.54,-1.04,4.49,1081.55,907.09,1113.12,-2.52,1.61,2.15,5.0,1.72,1.41,-0.4,7.0,0.0,25011906.0,51.27,-100.0,28.83,294.53,52.86,28.9,57.38399005947112
ESP,2025-01-19 16:28:20,-36.8357888,174.7665299,46.54,49.69,97.68,-43.68,37.56,57.29,-19.77,-4.75,99.9,-0.5,35.12,19.81,18.85,0.0,17.92,16.85,16.29,-3.59,-25.71,1.09,5.87,1128.91,874.52,1302.1,0.68,1.46,2.3,-3.48,-0.98,1.43,-0.4,7.0,0.0,25011906.0,41.27,27.3,30.04,194.58,182.97,29.8,57.54600005340807
ESP,2025-01-19 16:28:30,-36.8356494,174.767425,14.83,16.06,45.32,11.94,32.05,60.35,7.44,-5.41,54.06,-1.66,14.77,-20.27,-19.84,0.0,-19.62,-19.62,-19.13,1.13,22.06,-0.74,-3.15,-0.67,42.18,102.86,14.87,1.03,6.03,0.64,0.06,-0.23,-0.42,7.0,0.0,25011906.0,31.27,16.0,95.28,187.86,210.75,91.7,57.925920986114235
ESP,2025-01-19 16:28:40,-36.835244,174.7677661,24.52,24.74,31.33,38.15,31.98,60.43,22.12,1.6,34.38,0.72,18.01,-19.93,-18.01,0.0,-16.1,-14.48,-13.26,6.81,19.61,-0.36,-6.82,8.3,436.58,358.67,-0.9,0.81,4.95,3.25,5.0,-0.2,-0.43,7.0,0.0,25011906.0,21.27,9.0,69.27,221.4,183.72,70.4,59.79399906330775
ESP,2025-01-19 16:28:50,-36.8346121,174.7681529,32.71,32.42,12.13,57.44,33.11,64.09,28.66,-0.14,16.95,-1.09,10.22,-19.89,-15.11,0.0,-10.51,-5.91,-1.07,18.87,27.66,-1.37,-8.98,163.14,494.22,428.16,0.86,1.04,4.52,3.54,5.0,-0.18,-0.43,7.0,0.0,25011906.0,11.27,2.3,70.15,280.32,133.3,70.9,62.99302971764333
ESP,2025-01-19 16:29:00,-36.8336576,174.7683395,47.74,45.81,353.24,73.48,34.97,67.98,28.11,-7.02,1.29,-3.77,13.85,-19.88,-11.65,0.0,-3.89,4.01,11.8,31.69,24.99,-2.55,-2.29,615.49,620.23,754.55,6.03,0.58,1.07,6.94,5.0,-1.82,-0.42,7.0,0.0,25011906.0,1.27,-2.1,46.74,258.55,51.29,47.2,66.26100209994355
ESP,2025-01-19 16:29:10,-36.8321595,174.7675349,78.51,76.78,329.52,93.38,38.4,65.71,25.99,-0.63,331.52,-0.5,-7.43,-15.96,-7.55,0.0,0.11,7.88,15.64,31.53,24.18,-1.44,-2.78,985.04,991.71,1109.46,0.98,0.93,-0.91,0.97,5.0,-4.95,-0.42,7.0,1.0,25011906.0,-8.63,-2.3,27.88,288.11,35.7,28.7,66.90498229623925
ESP,2025-01-19 16:29:20,-36.8304397,174.7665224,69.5,69.23,336.76,96.79,33.4,67.44,27.56,0.89,336.66,1.01,-10.79,-16.07,-11.52,0.0,-7.58,-3.31,0.9,16.92,21.83,0.1,-3.58,831.07,979.32,992.15,0.78,1.0,-0.23,0.51,5.0,2.27,-0.43,7.0,1.0,25011906.0,-18.73,-2.3,18.11,291.96,35.7,18.3,65.94298613445807
ESP,2025-01-19 16:29:30,-36.8292628,174.7648,85.59,84.26,283.68,134.03,36.39,66.64,22.87,-2.04,284.64,-0.46,-67.38,-15.74,-8.96,0.0,-2.44,4.23,10.54,26.3,17.43,-1.56,-2.59,1129.35,1243.98,1229.84,1.54,0.98,-1.22,0.74,5.0,3.91,-0.43,7.0,1.0,25011906.0,-28.63,-2.3,23.4,182.0,35.7,23.6,67.52100162676253
ESP,2025-01-19 16:29:40,-36.8287168,174.7624752,73.89,72.47,286.94,143.45,31.73,67.18,21.42,-0.84,286.96,0.28,-61.7,-22.99,-15.18,0.0,-7.4,0.56,8.57,31.6,19.54,-1.12,-2.03,1174.38,1213.74,1306.75,1.33,1.06,-0.39,0.25,5.0,3.93,-0.43,7.0,2.0,25011906.0,-38.73,-2.3,14.77,156.77,35.7,6.7,65.94199167331242
ESP,2025-01-19 16:29:50,-36.8284049,174.7601436,78.4,76.68,276.61,143.66,36.7,64.13,23.44,0.98,276.52,-0.1,-65.03,-23.0,-14.27,0.0,-5.83,2.94,11.64,34.65,16.64,-2.68,0.17,1078.72,1010.41,1053.09,1.07,1.19,-0.39,1.84,0.63,2.14,-0.22,7.0,2.0,25011906.0,-48.73,-2.3,8.1,71.26,35.7,0.1,66.36706603785224
ESP,2025-01-19 16:30:00,-36.8291853,174.7587358,62.5,61.29,204.54,-152.18,41.89,58.63,-38.16,1.78,201.47,0.81,-52.77,23.56,23.34,0.0,23.45,23.63,24.01,0.45,-25.7,-2.24,-2.91,598.2,753.11,667.58,-2.09,0.88,0.3,5.01,2.75,2.13,0.2,7.0,2.0,25011906.0,-58.73,-2.3,51.76,98.25,35.7,39.4,62.0402307846097
ESP,2025-01-19 16:30:10,-36.8306969,174.7581115,66.6,65.91,198.43,-145.54,37.87,54.69,-30.26,1.78,196.0,0.59,-54.04,25.4,21.45,0.0,17.4,12.49,7.49,-17.67,-23.44,-1.16,4.33,1698.45,1523.07,1642.59,-4.44,0.91,-0.06,5.0,1.96,2.12,-1.53,7.0,2.0,25011906.0,-68.73,-2.3,36.84,237.99,35.7,16.0,56.10996787935406
ESP,2025-01-19 16:30:20,-36.8322227,174.7570952,68.79,67.76,215.96,-146.31,37.97,61.45,-28.24,3.81,212.95,0.45,-58.35,24.24,17.58,0.0,11.29,4.33,-2.01,-26.25,-23.02,-2.22,7.18,1419.27,1159.26,1357.9,-3.39,0.93,-0.42,4.99,0.7,2.12,0.99,7.0,2.0,25011906.0,-78.73,-2.3,25.31,373.19,35.7,6.7,57.8019376086735
ESP,2025-01-19 16:30:30,-36.8335486,174.7559256,61.34,61.22,240.04,-151.3,37.47,64.32,-29.05,19.76,232.68,1.12,-52.33,-5.49,-7.69,0.0,-4.83,-2.6,-1.07,4.15,-11.24,-0.91,0.22,818.32,731.07,780.48,-7.32,0.9,-0.04,0.01,0.22,-0.16,1.01,7.0,2.0,25011906.0,-88.73,-2.3,16.31,283.79,35.7,0.1,63.76902330499529
ESP,2025-01-19 16:30:40,-36.8331985,174.7543242,64.09,60.86,285.82,150.21,34.74,68.76,26.41,-0.21,286.73,-0.62,-55.63,-18.82,-17.93,0.0,-17.21,-16.45,-15.87,2.91,19.51,-2.37,-2.52,770.49,883.21,778.69,1.8,1.36,1.28,2.13,4.99,-0.15,1.03,7.0,2.0,25011906.0,-97.83,-2.3,14.51,187.8,35.7,0.1,66.43103201071438
ESP,2025-01-19 16:30:50,-36.8320727,174.7534251,58.42,58.3,6.11,67.02,36.19,75.52,23.33,-1.09,10.18,-2.04,33.38,-17.01,-9.9,0.0,-3.73,2.68,9.3,26.26,21.28,-2.13,-2.98,919.54,967.72,1052.7,2.07,1.49,1.73,3.2,5.0,-4.1,1.03,7.0,3.0,25011906.0,-108.73,-2.3,19.09,117.42,35.7,19.5,72.97116687920843
ESP,2025-01-19 16:31:00,-36.8306667,174.7535853,55.19,54.75,1.77,61.75,43.61,69.46,27.14,-0.83,4.06,-0.28,26.25,-16.84,-5.45,0.0,5.0,15.89,25.01,41.82,16.38,-2.28,-5.14,404.19,517.51,378.72,0.28,1.89,2.79,3.52,4.99,-3.9,1.03,7.0,3.0,25011906.0,-118.63,-2.3,9.15,131.21,35.7,9.6,72.28097167670094
ESP,2025-01-19 16:31:10,-36.8294392,174.7539962,41.88,44.72,85.19,-32.22,40.07,66.23,-15.89,14.58,81.72,0.6,34.31,16.91,7.29,0.0,-2.2,-11.06,-13.26,-30.17,-14.1,0.58,-1.5,1084.92,1079.99,1298.96,-5.87,2.33,4.19,-1.37,-0.89,-5.71,-1.43,7.0,3.0,25011906.0,-128.73,-2.3,96.25,2.9,35.7,61.7,67.39998473726912
ESP,2025-01-19 16:31:20,-36.8298549,174.7554074,55.13,56.12,110.14,-53.21,39.28,61.93,-23.4,0.18,112.45,-2.85,31.81,16.92,6.95,0.0,-2.46,-12.31,-22.07,-39.0,-14.72,-1.67,0.41,910.87,870.91,912.68,0.47,2.7,4.48,4.99,1.99,0.91,-1.3,7.0,3.0,25011906.0,-138.63,-2.3,88.97,75.97,35.7,53.7,64.195022403859
ESP,2025-01-19 16:31:30,-36.8303602,174.7571756,62.25,64.16,109.41,-50.03,37.25,59.63,-18.93,-0.86,110.3,-1.18,41.21,16.21,7.57,0.0,0.16,-7.78,-15.53,-31.74,-13.24,-2.72,1.29,943.17,866.61,833.39,-0.17,2.74,3.9,4.99,2.85,0.91,-5.12,7.0,3.0,25011906.0,-148.63,-2.3,71.81,177.72,35.7,44.6,60.24198867983056
ESP,2025-01-19 16:31:40,-36.8308548,174.7590623,63.28,64.96,103.48,-46.77,40.2,59.27,-18.65,-1.29,104.4,-0.95,43.6,15.95,8.44,0.0,1.46,-5.61,-12.78,-28.72,-13.13,-2.57,0.58,816.88,789.57,802.51,0.31,2.7,3.93,4.99,2.83,0.91,-5.01,7.0,3.0,25011906.0,-158.73,-2.3,61.97,284.48,35.7,34.9,59.50400006093934
ESP,2025-01-19 16:31:50,-36.8311579,174.7609768,60.69,62.32,104.13,-45.83,38.61,57.49,-18.74,-0.65,105.42,-1.48,42.14,15.94,8.2,0.0,1.3,-6.12,-12.66,-28.61,-13.43,-2.48,-0.9,856.25,916.0,864.55,0.69,2.72,3.99,4.99,2.77,0.91,-5.01,7.0,3.0,25011906.0,-168.63,-2.3,55.23,370.76,35.7,26.5,58.13599784493313
ESP,2025-01-19 16:32:00,-36.8315616,174.7628833,61.34,63.94,96.76,-45.49,42.88,57.9,-19.15,-1.89,99.02,-1.65,43.48,15.89,6.71,0.0,-1.76,-10.6,-18.87,-34.76,-14.28,-1.78,1.83,929.57,872.87,943.08,0.91,2.7,3.97,4.99,2.53,0.91,-4.96,7.0,3.0,25011906.0,-178.73,-2.3,41.88,461.89,35.7,17.2,58.242000622317
ESP,2025-01-19 16:32:10,-36.831891,174.7647753,58.32,61.1,105.73,-42.57,35.27,58.01,-15.57,1.9,105.38,-0.24,46.07,16.12,9.93,0.0,4.66,-1.09,-6.39,-22.57,-12.58,-2.3,-1.64,788.1,924.45,917.54,-1.74,2.83,4.35,4.99,2.99,0.91,-4.99,7.0,3.0,25011906.0,-188.63,-2.3,35.34,435.8,35.7,8.2,57.26799850904092
ESP,2025-01-19 16:32:20,-36.8323856,174.7665282,57.07,59.23,110.85,-42.62,37.91,63.04,-17.32,-1.32,111.19,-0.41,41.46,15.75,8.68,0.0,2.04,-4.81,-11.96,-27.72,-11.33,-2.56,1.07,892.95,842.75,811.39,-0.14,2.98,4.76,4.99,3.79,0.91,-4.98,7.0,3.0,25011906.0,-198.73,-2.3,28.4,327.51,35.7,0.0,60.78300063749303
ESP,2025-01-19 16:32:30,-36.8321349,174.7677425,45.94,45.06,8.32,56.19,37.95,62.82,25.55,-1.76,10.73,0.77,25.83,-15.92,-6.47,0.0,2.57,11.76,21.12,37.04,14.35,-3.26,-2.87,804.62,935.17,652.03,1.26,2.98,6.03,6.31,4.47,-0.75,-5.0,7.0,3.0,25011906.0,-208.73,-2.3,34.26,278.83,35.7,22.1,63.35400036719194
ESP,2025-01-19 16:32:40,-36.8308101,174.7680099,58.86,58.28,4.8,64.14,31.28,68.54,21.96,-0.09,5.61,0.92,31.58,-15.98,-9.7,0.0,-3.8,2.31,8.57,24.51,13.3,-2.04,0.22,1185.7,1094.18,1129.18,1.39,2.46,3.7,2.87,4.99,-2.71,1.16,7.0,3.0,25011906.0,-218.63,-2.3,17.93,227.53,35.7,7.8,66.20714286087366
ESP,2025-01-19 16:32:50,-36.8293007,174.767963,65.21,64.38,348.42,64.71,32.99,62.07,20.09,-7.75,351.39,-0.57,28.37,-15.87,-9.82,0.0,-4.17,1.76,7.87,23.6,18.68,-2.0,-0.92,911.64,910.65,816.2,3.75,1.45,1.31,3.35,4.99,-0.95,1.16,7.0,3.0,25011906.0,-228.73,-2.3,8.53,125.38,35.7,0.0,65.74013994193103
ESP,2025-01-19 16:33:00,-36.8287169,174.7658994,80.38,78.71,271.99,149.54,35.71,58.27,19.05,-1.11,273.41,-1.24,-72.02,-21.46,-15.17,0.0,-9.26,-3.38,2.76,24.24,17.59,-2.75,-2.18,1331.21,1298.59,1334.09,1.06,1.45,0.09,0.94,4.99,2.45,1.16,7.0,4.0,25011906.0,-238.63,-2.3,32.53,102.09,35.7,22.9,58.88093388044427
ESP,2025-01-19 16:33:10,-36.8285951,174.7633583,84.03,82.94,275.08,155.23,39.19,63.24,18.36,0.62,274.84,-0.02,-74.91,-21.45,-14.9,0.0,-8.77,-2.53,3.96,25.4,15.08,-1.87,-0.69,1083.51,1073.2,1120.53,0.42,1.44,-0.23,0.97,4.99,2.49,1.16,7.0,4.0,25011906.0,-248.73,-2.3,20.49,126.88,35.7,12.2,60.67396087103209
ESP,2025-01-19 16:33:20,-36.8283234,174.760946,77.7,76.54,277.91,150.78,35.23,67.21,19.84,-1.26,278.04,0.04,-66.97,-22.91,-15.71,0.0,-8.37,-1.11,6.59,29.51,17.59,-2.02,-1.16,926.52,988.64,966.92,0.96,1.44,0.17,1.04,4.99,4.58,1.16,7.0,4.0,25011906.0,-258.73,-2.3,9.34,87.75,35.7,1.5,65.58000046713823
ESP,2025-01-19 16:33:30,-36.8284413,174.7588477,57.42,57.96,211.63,-105.45,35.63,67.63,-9.96,-9.82,215.39,-2.05,-57.41,24.91,16.79,0.0,8.58,-0.22,-9.0,-33.94,-18.93,0.48,1.78,1075.17,979.44,1251.91,3.13,1.44,-1.58,-1.17,-0.52,4.58,-0.04,7.0,4.0,25011906.0,-268.72,-2.3,54.98,25.69,35.7,0.1,67.499000023377
ESP,2025-01-19 16:33:40,-36.8299445,174.7579896,75.28,74.48,208.86,-150.82,36.7,59.59,-23.6,1.58,207.99,-0.71,-65.91,25.0,18.35,0.0,11.76,4.87,-1.89,-26.92,-16.36,-2.09,1.04,1009.4,956.59,960.09,-1.42,1.16,-0.23,5.0,1.63,-0.79,-0.09,7.0,4.0,25011906.0,-278.72,-2.3,35.37,153.95,35.7,27.0,62.327158874763185
ESP,2025-01-19 16:33:50,-36.8315728,174.7567689,82.98,81.77,215.36,-151.03,38.25,60.05,-20.85,-1.55,214.31,0.05,-72.91,21.32,14.83,0.0,8.74,2.35,-3.76,-25.09,-19.13,-1.84,0.4,833.08,893.46,803.98,-0.11,1.24,-0.63,5.0,1.06,-0.79,2.01,7.0,4.0,25011906.0,-288.62,-2.3,21.93,292.37,35.7,10.5,59.404999054890375
ESP,2025-01-19 16:34:00,-36.8333135,174.7553485,85.56,85.08,218.14,-156.82,41.56,60.63,-19.1,-0.82,216.13,1.01,-80.14,18.38,14.13,0.0,10.22,6.19,2.76,-15.75,-18.76,-3.62,2.12,817.37,760.24,690.64,-0.11,1.19,-0.8,4.99,1.71,-0.76,2.04,7.0,4.0,25011906.0,-298.72,-2.3,11.16,259.1,35.7,0.3,60.69400016824416
ESP,2025-01-19 16:34:10,-36.835015,174.7548888,63.92,66.83,136.5,-86.59,37.79,56.85,-30.65,-7.56,138.9,-1.51,13.09,18.29,10.17,0.0,2.35,-5.8,-13.82,-32.08,-31.15,-0.65,8.92,792.82,331.64,694.09,3.11,1.9,1.78,4.99,1.39,-0.64,-2.19,7.0,4.0,25011906.0,-308.72,-2.3,11.63,96.95,35.7,-23.7,59.00002747507497
ESP,2025-01-19 16:34:20,-36.8357228,174.756605,61.68,62.68,113.74,-62.53,36.81,50.18,-23.63,0.15,114.48,-1.15,35.6,15.19,4.26,0.0,-6.16,-16.9,-23.63,-38.82,-9.55,-2.72,-0.16,920.84,889.77,919.97,0.15,2.88,4.34,4.99,2.24,-0.63,-3.33,7.0,5.0,25011906.0,-318.72,-2.3,9.14,78.18,35.7,9.8,52.74675883130784
ESP,2025-01-19 16:34:30,-36.8359937,174.7582862,41.57,42.5,34.45,21.25,38.45,51.23,10.01,-19.42,43.01,-2.03,39.25,-15.53,-7.16,0.0,1.08,9.45,14.09,29.59,15.16,0.55,0.39,977.27,888.93,1144.98,9.12,2.96,5.83,-1.44,-1.37,0.65,-3.25,7.0,5.0,25011906.0,-328.72,-2.3,101.79,20.85,35.7,48.2,50.77800007789592
ESP,2025-01-19 16:34:40,-36.8348971,174.7587632,48.92,49.36,23.96,48.79,38.34,59.09,21.59,-1.29,26.69,-0.17,32.04,-15.42,-6.11,0.0,2.49,11.12,19.99,35.45,12.23,-1.26,-3.08,851.28,932.18,980.29,1.1,2.98,5.49,3.16,4.99,-1.73,1.09,7.0,5.0,25011906.0,-338.62,-2.3,68.12,135.43,35.7,39.8,54.66576934970831
ESP,2025-01-19 16:34:50,-36.8336467,174.7595092,58.25,58.9,27.2,48.96,36.06,65.74,17.57,0.41,30.19,-0.94,35.18,-15.76,-8.9,0.0,-1.76,5.12,12.37,28.2,13.47,-2.74,-1.44,856.7,1009.73,891.7,1.39,2.95,4.62,3.8,4.99,-5.5,1.09,7.0,5.0,25011906.0,-348.72,-2.3,48.55,268.75,35.7,31.5,62.858971182782675
ESP,2025-01-19 16:35:00,-36.8323064,174.7602374,59.06,59.22,16.9,44.8,34.87,65.61,16.32,2.35,17.59,0.7,40.98,-16.06,-10.32,0.0,-4.57,1.04,6.94,23.05,11.33,-2.72,-0.09,893.57,981.74,920.7,0.17,2.95,4.59,3.26,4.99,-5.51,1.09,7.0,5.0,25011906.0,-358.72,-2.3,36.03,425.36,35.7,22.8,67.06100993723726
ESP,2025-01-19 16:35:10,-36.8309095,174.7608349,58.13,59.09,16.71,45.7,36.5,63.82,16.91,1.09,17.97,0.13,40.38,-16.0,-7.87,0.0,-0.05,8.03,15.77,31.78,12.0,-2.17,-2.19,721.8,841.43,777.75,0.29,2.83,4.37,4.07,4.99,-5.4,1.08,7.0,5.0,25011906.0,-368.72,-2.3,26.39,359.76,35.7,13.8,64.7080020101048
ESP,2025-01-19 16:35:20,-36.8295069,174.7613667,59.87,60.43,20.76,46.89,39.74,62.83,19.55,1.15,19.9,2.12,40.46,-16.0,-7.19,0.0,1.49,10.23,18.69,34.73,11.41,-2.3,-0.66,946.81,1058.49,996.28,-0.22,2.96,4.6,3.01,4.99,-5.35,1.08,7.0,5.0,25011906.0,-378.62,-2.3,16.17,224.12,35.7,5.3,62.86499711626735
ESP,2025-01-19 16:35:30,-36.8281576,174.7621884,51.74,54.65,46.2,37.39,37.88,67.04,17.88,24.94,37.78,3.67,41.3,-12.67,-5.86,0.0,-1.31,4.16,9.55,22.52,6.08,-1.47,1.87,1167.63,1138.91,1207.37,-9.86,2.98,1.05,0.8,0.8,-5.35,0.32,7.0,5.0,25011906.0,-388.72,-2.3,7.67,102.44,35.7,0.1,65.25501885398397
ESP,2025-01-19 16:35:40,-36.828449,174.7634548,46.26,46.97,114.88,-43.88,36.96,69.3,-20.81,-0.0,116.94,-2.34,33.28,16.41,9.03,0.0,2.23,-4.77,-11.88,-28.31,-12.4,-1.02,-0.37,736.13,747.01,832.62,0.12,2.95,5.72,4.99,2.83,0.9,0.04,7.0,5.0,25011906.0,-398.62,-2.3,56.09,107.07,35.7,33.5,68.48600887643366
ESP,2025-01-19 16:35:50,-36.829041,174.7648461,52.23,52.75,117.14,-43.82,34.32,71.53,-18.91,-0.07,119.02,-2.29,34.98,16.42,9.09,0.0,2.34,-4.69,-11.24,-27.69,-12.1,-2.15,-0.06,1045.97,1008.72,1044.53,0.35,2.98,5.06,4.99,3.05,0.9,-2.52,7.0,5.0,25011906.0,-408.72,-2.3,41.49,150.43,35.7,13.8,70.38999544938699
ESP,2025-01-19 16:36:00,-36.8297244,174.7663796,55.58,56.64,119.3,-52.23,35.55,71.84,-20.94,0.01,120.39,-1.46,31.29,16.41,7.54,0.0,-0.57,-9.08,-17.43,-33.84,-11.52,-2.73,0.26,1015.35,913.43,915.62,-0.72,2.97,4.79,4.99,3.74,0.9,-5.02,7.0,5.0,25011906.0,-418.72,-2.3,29.64,201.76,35.7,4.8,72.03599973152855
ESP,2025-01-19 16:36:10,-36.8295776,174.7675453,40.0,40.1,21.93,28.63,34.78,66.06,13.83,-0.77,23.27,0.71,35.71,-16.48,-13.88,0.0,-11.61,-9.57,-6.64,9.77,11.06,-1.81,-0.13,815.6,818.25,726.4,3.65,2.55,5.66,6.54,3.58,-0.73,-4.88,7.0,5.0,25011906.0,-428.72,-2.3,14.78,164.35,35.7,0.1,69.06205407679137
ESP,2025-01-19 16:36:20,-36.8286734,174.7674234,59.17,55.58,300.86,112.33,34.43,59.76,34.07,-9.78,304.07,-0.69,-24.28,-16.39,-6.17,0.0,3.65,13.54,23.65,40.08,20.28,-2.77,-2.41,611.77,701.79,647.92,5.5,0.72,0.67,4.87,5.0,4.34,1.09,7.0,6.0,25011906.0,-438.72,-2.3,12.76,77.34,35.7,0.1,61.641838152551145
ESP,2025-01-19 16:36:30,-36.8282496,174.7653949,69.51,68.66,281.24,145.57,35.8,60.64,26.11,0.61,281.34,-0.68,-57.11,-21.95,-19.43,0.0,-17.03,-14.94,-12.79,9.22,15.83,-1.41,0.73,935.22,814.34,902.24,1.02,0.96,-0.2,0.91,5.0,4.39,1.09,7.0,6.0,25011906.0,-448.62,-2.3,21.65,61.27,35.7,7.1,59.37899170790645
ESP,2025-01-19 16:36:40,-36.8279517,174.7633034,64.61,64.7,282.25,143.12,36.08,62.07,32.08,5.58,279.91,0.74,-50.91,-23.9,-17.8,0.0,-11.82,-5.57,0.79,24.69,11.25,-1.57,4.7,934.79,638.47,849.31,-1.05,1.2,0.52,0.72,-0.12,4.47,0.96,7.0,6.0,25011906.0,-458.82,-2.3,13.7,58.8,35.7,0.4,62.09800424045417
ESP,2025-01-19 16:36:50,-36.8285806,174.7622473,48.62,48.02,199.1,-146.07,33.09,60.99,-42.22,-1.9,197.98,0.29,-40.08,28.84,29.32,0.0,28.1,27.96,28.83,-0.05,-18.85,-1.7,-1.23,904.25,996.47,986.21,-1.21,1.54,2.65,5.0,3.79,3.3,0.6,7.0,6.0,25011906.0,-468.62,-2.3,67.56,128.09,35.7,32.6,62.97201710370869
ESP,2025-01-19 16:37:00,-36.8298481,174.7614998,68.48,67.0,216.02,-146.51,38.97,62.14,-32.2,1.12,215.36,-0.9,-61.15,23.77,21.65,0.0,19.51,17.27,14.77,-9.01,-19.47,-1.8,1.16,1267.73,1246.01,1253.23,-2.11,1.21,0.52,4.99,0.71,-0.74,2.75,7.0,6.0,25011906.0,-478.72,-2.3,49.61,245.92,35.7,24.4,60.306969789037936
ESP,2025-01-19 16:37:10,-36.831319,174.760525,70.46,68.49,203.13,-154.02,36.07,58.71,-23.41,4.16,201.29,-0.65,-63.1,23.77,20.12,0.0,16.68,12.82,9.43,-14.29,-20.85,-2.27,2.13,1063.45,1031.97,1016.71,-2.01,1.33,0.62,4.99,1.69,-0.74,4.23,7.0,6.0,25011906.0,-488.62,-2.3,31.71,370.16,35.7,15.3,61.98319998869174
ESP,2025-01-19 16:37:20,-36.8327957,174.7590156,76.14,75.55,224.14,-159.05,35.67,60.99,-17.33,0.37,222.78,-0.32,-71.65,22.83,21.37,0.0,19.83,17.94,17.0,-5.95,-16.54,-2.23,0.61,1081.35,952.06,934.25,-0.44,1.36,-0.0,4.99,1.34,-0.74,4.23,7.0,6.0,25011906.0,-498.62,-2.3,26.23,390.0,35.7,6.6,59.10999015789371
ESP,2025-01-19 16:37:30,-36.8341351,174.7576674,60.31,59.89,217.18,-161.84,36.77,61.3,-24.45,3.14,215.4,-0.53,-57.2,22.84,22.7,0.0,22.6,22.6,22.32,-0.52,-12.83,-1.73,-1.08,547.22,771.45,657.93,-1.95,1.33,1.28,0.13,1.39,-0.47,4.34,7.0,6.0,25011906.0,-508.73,-2.3,20.17,246.41,35.7,0.0,61.216999984240296
ESP,2025-01-19 16:37:40,-36.8343072,174.7563206,43.53,42.03,261.92,161.07,32.19,66.56,39.24,-5.43,263.15,-0.7,-37.73,-22.94,-18.24,0.0,-13.94,-9.31,-4.94,18.02,17.87,-1.9,-6.7,890.11,1176.89,1130.86,5.32,1.33,-0.0,3.78,0.76,-0.22,4.29,7.0,6.0,25011906.0,-518.62,-2.3,25.54,234.39,35.7,0.0,63.467071597572556
ESP,2025-01-19 16:37:50,-36.8349918,174.7562673,40.25,40.81,131.52,-66.27,30.66,64.14,-35.69,2.82,141.42,-11.76,16.17,20.78,10.45,0.0,0.74,-9.13,-17.8,-38.67,-16.58,1.09,2.69,1769.51,1530.63,1920.19,5.2,1.34,3.17,4.69,2.3,-0.22,2.41,7.0,7.0,25011906.0,-528.73,-2.3,16.97,163.79,35.7,-11.7,64.90099097655464
ESP,2025-01-19 16:38:00,-36.8355728,174.7571682,27.76,28.34,120.13,-52.0,34.13,66.7,-29.9,1.34,121.24,-3.26,12.51,20.77,9.98,0.0,-0.32,-10.72,-21.47,-42.29,-18.9,-0.21,8.94,575.22,631.51,637.54,-1.5,2.22,7.19,5.0,3.89,-0.23,-4.88,7.0,7.0,25011906.0,-538.62,-2.3,19.55,85.8,35.7,20.2,65.7050052182539
ESP,2025-01-19 16:38:10,-36.8360725,174.758035,33.57,34.8,121.21,-63.82,35.26,66.66,-33.81,-4.42,123.2,-1.86,12.62,20.75,9.54,0.0,-1.1,-11.79,-23.14,-43.88,-18.3,-0.97,1.5,334.29,262.4,408.75,2.73,3.21,6.97,5.0,7.69,-0.22,-4.95,7.0,7.0,25011906.0,-548.73,-2.3,4.72,25.91,35.7,4.9,67.11400028469419
ESP,2025-01-19 16:48:01,-36.8341876,174.7613409,24.32,25.69,150.16,-91.82,36.72,53.64,-57.69,12.74,142.55,1.31,-0.54,-18.85,-18.75,0.0,-18.74,-18.97,-19.14,-0.29,-20.11,-0.43,3.57,62.56,-69.85,105.15,-13.8,-0.74,1.69,5.0,7.76,0.48,-0.18,7.0,0.0,25011907.0,120.38,59.1,72.38,285.3,-183.12,76.5,53.64
ESP,2025-01-19 16:48:10,-36.8348255,174.761484,27.05,28.25,140.01,-91.02,36.41,53.43,-56.08,-14.75,145.89,-5.19,0.09,18.87,14.02,0.0,9.52,4.24,-0.39,-19.27,-30.98,0.2,7.62,247.56,-112.48,331.34,17.11,1.73,6.52,5.0,0.3,0.48,-0.11,7.0,0.0,25011907.0,111.28,-100.0,54.02,239.89,-106.54,53.6,53.512999994189734
ESP,2025-01-19 16:48:20,-36.8349724,174.7622923,24.08,26.03,87.86,-39.42,38.19,49.94,-24.82,0.76,91.28,-2.4,20.59,18.84,18.78,0.0,18.78,18.82,18.38,-0.46,-27.4,-0.49,4.71,216.61,-23.19,188.89,-1.37,1.92,7.19,5.0,2.06,0.48,-0.12,7.0,0.0,25011907.0,101.28,-100.0,109.94,269.81,-51.58,108.9,51.87401421609952
ESP,2025-01-19 16:48:30,-36.8350394,174.7629836,19.85,21.59,99.13,-32.43,36.62,55.1,-22.66,-0.68,104.44,-4.99,17.4,18.81,17.7,0.0,16.58,15.21,13.77,-4.96,-24.74,-0.01,8.78,501.3,74.96,448.9,-0.16,1.95,7.49,5.0,3.27,0.48,-0.13,7.0,0.0,25011907.0,91.28,-100.0,122.43,310.56,-33.9,126.5,51.77283533047216
ESP,2025-01-19 16:48:40,-36.8353051,174.7638447,34.0,35.82,114.28,-53.3,34.62,59.52,-28.12,0.92,115.2,-1.57,19.7,18.81,16.56,0.0,14.43,12.16,9.6,-9.15,-30.98,-0.57,7.06,482.37,156.89,464.39,-0.47,1.7,5.4,5.0,3.76,0.48,-0.12,7.0,0.0,25011907.0,81.38,-100.0,49.85,296.99,21.26,50.8,58.3450658399952
ESP,2025-01-19 16:48:50,-36.8357733,174.7649543,40.41,42.05,120.13,-61.87,35.3,59.59,-29.18,1.73,120.14,-0.83,16.58,18.78,14.11,0.0,9.66,5.07,0.74,-18.09,-33.97,-1.22,9.5,749.65,263.82,594.33,-1.38,1.55,3.61,5.0,2.03,0.48,-0.12,7.0,0.0,25011907.0,71.38,-88.7,29.1,227.57,115.17,29.4,59.76999998135739
ESP,2025-01-19 16:49:00,-36.8364143,174.7661666,44.56,46.92,117.83,-66.21,39.54,56.9,-32.05,-5.22,119.93,-1.55,20.28,18.84,16.23,0.0,13.71,11.18,8.49,-10.34,-28.75,-0.25,6.26,343.72,112.0,257.18,1.92,1.47,2.5,5.0,1.48,0.48,-0.1,7.0,0.0,25011907.0,61.28,42.4,15.55,133.75,228.04,15.6,58.6280287592736
ESP,2025-01-19 16:49:10,-36.836353,174.7669716,13.9,15.0,43.27,24.36,36.21,59.19,17.57,-5.21,50.63,-0.68,12.7,-1.07,-0.83,0.0,-0.73,-0.66,-0.95,0.12,10.4,-0.47,-1.95,-61.11,6.69,4.05,11.49,1.03,-3.53,-2.47,0.42,-0.94,-0.11,7.0,0.0,25011907.0,51.28,31.6,118.41,119.45,264.26,117.0,56.30388135734578
ESP,2025-01-19 16:49:20,-36.8360009,174.7673167,14.86,15.53,40.2,39.83,34.36,68.61,28.02,-6.14,46.62,1.0,11.65,-18.91,-14.95,0.0,-11.54,-7.97,-4.36,14.55,25.32,-0.49,-2.66,7.39,-33.35,148.91,11.84,0.76,5.6,-0.84,5.0,0.73,-0.12,7.0,0.0,25011907.0,41.38,24.8,110.81,150.86,244.9,111.0,63.06224396648008
ESP,2025-01-19 16:49:30,-36.8357211,174.7675924,17.71,16.13,5.12,56.02,34.19,76.9,37.89,-7.36,12.81,0.29,9.73,-18.87,-12.22,0.0,-6.15,0.29,6.62,25.49,33.03,-0.85,-4.57,-137.08,20.46,-35.86,11.81,0.12,4.09,7.74,5.0,0.77,-0.12,7.0,0.0,25011907.0,31.38,17.05,179.34,173.54,224.1,188.5,73.62896287792263
ESP,2025-01-19 16:49:40,-36.835026,174.7678052,27.75,29.49,32.2,49.86,33.98,79.32,28.14,6.93,31.77,2.14,19.42,-18.92,-18.76,0.0,-18.75,-18.86,-18.47,0.45,22.46,2.23,-9.07,153.22,560.95,683.01,-7.39,0.12,2.5,-3.39,5.0,0.87,-0.12,7.0,0.0,25011907.0,21.38,11.15,58.93,243.76,161.22,58.9,76.88495832196249
ESP,2025-01-19 16:49:50,-36.834503,174.7682393,23.6,23.39,21.17,41.95,34.87,76.89,25.01,-8.85,26.81,0.9,18.19,-18.89,-16.3,0.0,-13.92,-11.54,-9.32,9.57,27.12,-1.41,-7.94,147.91,530.96,333.73,12.31,0.18,3.86,7.29,4.99,0.85,-0.12,7.0,0.0,25011907.0,11.28,2.65,71.93,272.96,123.43,66.2,78.0979658319868
ESP,2025-01-19 16:50:00,-36.8337223,174.7683053,35.38,34.69,350.27,80.18,35.59,71.66,40.19,-5.42,355.55,-1.22,-0.55,-18.86,-15.72,0.0,-12.7,-9.67,-6.36,12.54,31.14,-0.19,-5.66,345.8,701.17,555.4,4.64,0.15,1.66,7.65,4.99,2.92,-0.12,7.0,0.0,25011907.0,1.28,-2.8,65.65,262.83,54.77,64.5,73.86082841016227
ESP,2025-01-19 16:50:10,-36.8327258,174.7680071,54.79,52.47,337.15,83.37,41.97,67.53,34.29,-1.56,340.59,-1.38,2.1,-18.86,-12.45,0.0,-6.34,-0.39,5.63,24.53,27.09,-2.49,-0.86,955.51,990.11,920.05,2.82,0.99,1.19,4.68,5.0,-3.11,-0.12,7.0,1.0,25011907.0,-8.72,-3.2,40.59,264.66,42.26,41.1,69.60600883445235
ESP,2025-01-19 16:50:20,-36.8312383,174.7672879,67.12,66.27,336.31,93.31,40.57,65.41,30.96,-1.01,339.04,-1.36,-12.0,-17.13,-14.76,0.0,-12.79,-10.83,-8.87,8.25,23.59,-1.86,-1.74,862.43,788.8,838.82,2.14,0.95,-0.06,2.37,4.99,-4.85,-0.12,7.0,1.0,25011907.0,-18.62,-3.2,23.2,293.3,42.26,23.4,65.74199229608439
ESP,2025-01-19 16:50:30,-36.8297128,174.7662946,80.07,79.12,318.24,94.09,38.68,61.76,26.0,-2.51,319.4,-0.24,-16.98,-16.77,-13.39,0.0,-10.16,-7.28,-4.45,12.34,28.2,-2.26,-1.92,832.18,852.86,823.15,1.84,1.03,-0.8,1.71,4.99,-4.76,-0.12,7.0,1.0,25011907.0,-28.62,-3.2,15.4,215.94,42.26,15.6,64.43109025423377
ESP,2025-01-19 16:50:40,-36.8286563,174.7640949,86.14,85.33,284.7,129.89,40.09,56.95,26.16,-0.67,286.41,-1.15,-58.92,-16.76,-14.57,0.0,-12.68,-10.7,-8.78,8.0,19.79,-2.42,-0.75,993.88,955.27,883.54,0.99,1.19,-0.81,1.5,4.99,0.48,-0.12,7.0,2.0,25011907.0,-38.72,-3.2,15.82,125.91,42.26,9.4,58.50293673320772
ESP,2025-01-19 16:50:50,-36.8283126,174.7615354,81.77,81.57,280.82,144.18,39.04,57.72,23.98,0.64,281.48,-0.4,-70.02,-21.35,-14.65,0.0,-8.34,-1.91,4.68,26.05,20.47,-3.04,-1.36,1025.23,1055.24,988.66,0.69,1.37,-0.33,1.32,0.84,3.32,-0.11,7.0,2.0,25011907.0,-48.72,-3.2,9.3,102.2,42.26,1.8,57.065998683149864
ESP,2025-01-19 16:51:00,-36.8289973,174.7598846,69.48,67.75,207.03,-150.33,40.84,59.93,-32.11,2.15,206.34,-0.71,-59.24,21.52,18.75,0.0,15.94,13.28,11.2,-10.44,-25.84,-2.84,1.4,714.15,679.02,564.71,-1.85,1.35,0.97,5.0,2.95,3.26,-0.08,7.0,2.0,25011907.0,-58.72,-3.2,50.44,106.05,42.26,25.2,60.13501837748536
ESP,2025-01-19 16:51:10,-36.8306462,174.7588246,79.51,78.21,205.79,-149.19,40.3,59.01,-25.63,-1.02,205.19,-0.51,-68.12,22.1,15.84,0.0,9.55,3.1,-3.3,-25.4,-21.18,-1.62,2.01,998.49,879.64,927.33,-0.82,1.38,-0.1,4.99,1.55,-0.61,-0.06,7.0,2.0,25011907.0,-68.62,-3.2,33.97,249.56,42.26,16.0,59.83100142837895
ESP,2025-01-19 16:51:20,-36.8323649,174.7575217,78.72,77.26,219.72,-159.15,36.69,59.37,-17.39,-0.6,218.64,-0.09,-75.09,22.74,18.83,0.0,14.57,9.76,5.24,-17.45,-19.56,-2.17,2.96,1228.63,1092.39,1169.88,-0.49,1.47,0.09,4.99,0.83,-0.61,4.92,7.0,2.0,25011907.0,-78.62,-3.2,22.49,399.51,42.26,5.2,58.97599954104961
ESP,2025-01-19 16:51:30,-36.8338891,174.7560281,75.66,75.34,225.46,-161.07,40.4,59.82,-19.62,0.24,224.56,-0.38,-72.38,23.11,23.06,0.0,22.38,21.89,21.61,-1.48,-16.91,-1.3,2.33,1036.71,981.04,1140.73,-0.91,1.58,0.4,4.99,0.89,-0.61,4.93,7.0,2.0,25011907.0,-88.72,-3.2,12.63,268.31,42.26,0.1,59.125999032919005
ESP,2025-01-19 16:51:40,-36.8351589,174.7549584,53.94,55.36,150.38,-115.34,39.92,61.87,-47.07,-16.32,157.23,-4.18,-30.99,21.26,17.54,0.0,14.26,10.33,5.99,-15.02,-28.67,0.22,1.61,859.79,943.57,951.51,6.28,1.99,2.83,4.99,-0.43,-0.54,2.05,7.0,2.0,25011907.0,-98.62,-3.2,11.23,93.27,42.26,-31.7,61.25500632989398
ESP,2025-01-19 16:51:50,-36.835857,174.7564447,60.27,60.79,107.23,-64.47,38.73,54.94,-25.78,-2.27,109.02,-1.53,27.75,19.27,8.62,0.0,-1.35,-11.74,-20.16,-39.42,-16.57,-2.2,1.85,1189.18,1033.84,1099.44,0.69,2.73,4.07,4.99,1.39,-0.54,-3.32,7.0,3.0,25011907.0,-108.62,-3.2,9.52,66.16,42.26,9.5,58.94814661123248
ESP,2025-01-19 16:52:00,-36.8358541,174.7580892,41.59,42.68,21.71,39.73,37.56,46.82,17.9,-12.76,28.55,-2.1,33.31,-19.56,-9.16,0.0,0.3,10.26,18.08,37.59,17.36,-0.99,-3.7,851.31,1008.35,997.54,7.3,3.27,6.48,3.83,0.23,-0.05,-2.5,7.0,3.0,25011907.0,-118.72,-3.2,89.16,36.4,42.26,47.6,50.30196214397741
ESP,2025-01-19 16:52:10,-36.8348455,174.7583979,41.06,40.8,14.57,43.97,36.62,54.54,21.09,-1.42,17.02,0.51,31.62,-19.27,-8.4,0.0,2.03,12.36,21.54,40.83,11.45,-1.34,-1.51,914.11,1013.58,1047.16,1.79,3.27,6.89,5.22,5.0,-4.34,0.86,7.0,3.0,25011907.0,-128.72,-3.2,76.16,143.9,42.26,39.8,50.467271495062576
ESP,2025-01-19 16:52:20,-36.8336877,174.7588452,52.57,52.71,16.27,44.59,38.15,57.36,19.67,1.05,16.69,1.4,35.33,-17.19,-6.92,0.0,2.84,12.67,20.98,38.15,12.38,-0.41,-1.3,1093.17,1234.22,1270.62,-0.53,2.94,5.14,2.48,5.0,-5.36,0.86,7.0,3.0,25011907.0,-138.72,-3.2,49.3,267.29,42.26,31.8,56.137999693050816
ESP,2025-01-19 16:52:30,-36.8323561,174.7594396,58.14,58.85,21.76,41.74,43.13,59.71,17.37,0.38,23.46,-0.1,44.81,-16.29,-7.19,0.0,1.11,9.81,18.19,34.42,10.47,-2.14,-2.82,709.55,687.17,675.44,0.98,2.79,4.3,3.25,5.0,-5.3,0.86,7.0,3.0,25011907.0,-148.72,-3.2,38.22,412.89,42.26,22.7,58.79800669846899
ESP,2025-01-19 16:52:40,-36.831002,174.7600915,59.26,59.48,20.26,42.38,45.05,60.36,18.43,-0.87,22.14,0.16,42.93,-16.26,-7.04,0.0,1.58,10.41,19.34,35.61,12.71,-1.64,-1.23,929.81,865.92,981.4,0.86,2.64,3.97,2.68,5.0,-5.26,0.86,7.0,3.0,25011907.0,-158.62,-3.2,27.53,346.92,42.26,13.4,60.2729999748769
ESP,2025-01-19 16:52:50,-36.8295397,174.7608006,61.77,62.44,23.35,42.27,43.07,62.37,18.11,1.03,23.04,1.5,45.69,-16.3,-7.82,0.0,0.01,8.0,15.81,32.11,11.53,-2.12,-1.28,1114.06,1038.18,1163.28,0.59,2.66,3.88,2.45,5.0,-5.26,0.86,7.0,3.0,25011907.0,-168.72,-3.2,16.2,210.47,42.26,3.4,61.41299910924177
ESP,2025-01-19 16:53:00,-36.8279698,174.761155,62.56,63.9,26.24,46.75,40.93,62.46,19.53,15.19,19.56,3.9,42.92,-16.37,-11.95,0.0,-8.23,-4.07,0.07,16.43,16.21,-2.28,-1.67,1169.05,1127.0,1176.49,-3.63,2.65,2.44,0.78,4.75,-5.18,0.86,7.0,3.0,25011907.0,-178.72,-3.2,3.99,55.86,42.26,0.0,62.8070005968373
ESP,2025-01-19 16:53:10,-36.8277754,174.762239,31.1,31.47,115.63,-56.93,37.74,63.58,-32.64,0.68,117.33,-2.13,16.0,16.32,9.53,0.0,3.16,-3.56,-9.8,-26.13,-24.77,-1.08,7.8,601.47,248.52,526.82,-0.21,2.68,3.27,4.89,4.49,-5.25,-1.96,7.0,3.0,25011907.0,-188.62,-3.2,98.88,51.28,42.26,64.7,63.30900115036692
ESP,2025-01-19 16:53:20,-36.8281857,174.7632888,40.37,40.79,109.36,-57.08,37.8,58.96,-28.48,1.66,111.35,-2.23,24.1,16.29,7.92,0.0,-0.21,-8.58,-16.68,-32.98,-22.52,-0.76,4.49,1019.84,861.1,1078.64,-2.23,3.27,-6.85,5.0,4.58,0.83,-1.96,7.0,3.0,25011907.0,-198.72,-3.2,61.1,82.52,42.26,40.6,61.24001648015263
ESP,2025-01-19 16:53:30,-36.8290997,174.764482,72.32,72.63,150.23,-88.29,39.87,59.75,-29.59,-3.55,152.25,-1.67,-5.44,16.41,11.31,0.0,6.44,1.3,-3.41,-19.86,-22.12,-2.84,-0.57,999.07,1064.13,930.06,0.18,2.13,1.85,5.0,1.84,0.83,-3.26,7.0,3.0,25011907.0,-208.62,-3.2,36.98,148.23,42.26,15.9,58.84599657441069
ESP,2025-01-19 16:53:40,-36.8300583,174.7661699,60.49,62.18,108.23,-54.48,38.3,57.57,-21.01,1.15,108.01,-0.41,35.67,16.35,7.16,0.0,-1.6,-10.92,-18.97,-35.26,-12.4,-2.02,-0.06,944.8,935.12,920.61,-0.94,2.47,3.45,5.0,3.08,0.83,-4.97,7.0,3.0,25011907.0,-218.72,-3.2,24.98,244.42,42.26,5.7,59.14802134291715
ESP,2025-01-19 16:53:50,-36.8303772,174.767812,41.63,43.95,52.01,3.62,36.13,55.1,1.2,-17.43,60.32,-2.23,41.58,-11.89,-10.53,0.0,-6.96,-4.58,-2.38,9.3,8.48,0.09,-3.0,992.22,1096.31,1285.12,9.7,2.4,4.16,1.66,-0.89,-0.31,-4.96,7.0,3.0,25011907.0,-228.62,-3.2,20.11,232.03,42.26,0.0,56.55101629722627
ESP,2025-01-19 16:54:00,-36.8294326,174.7678996,42.73,42.99,3.74,62.49,31.99,55.48,27.82,5.0,1.44,2.43,21.87,-16.36,-9.27,0.0,-2.56,4.21,11.39,27.71,11.55,2.05,-2.94,526.26,602.09,907.76,-2.64,1.62,3.16,0.98,5.0,2.29,1.04,7.0,3.0,25011907.0,-238.62,-3.2,12.85,136.12,42.26,0.6,54.365000329798534
ESP,2025-01-19 16:54:10,-36.8285844,174.7674109,51.37,51.37,281.32,131.38,39.05,59.66,48.13,0.39,282.11,-1.28,-38.43,-16.48,-11.08,0.0,-5.35,0.29,5.29,21.95,15.62,-0.39,-0.56,338.17,349.65,402.4,1.43,0.66,0.61,1.58,5.0,2.24,1.04,7.0,4.0,25011907.0,-248.72,-3.2,41.22,64.21,42.26,-3.4,58.64306360064903
ESP,2025-01-19 16:54:20,-36.828203,174.76571,71.42,70.01,283.06,138.73,40.71,61.72,33.29,0.3,283.04,-0.37,-52.93,-24.78,-16.24,0.0,-7.39,1.59,10.55,35.24,19.54,-1.71,-1.21,1004.58,1000.7,988.69,0.77,1.47,0.82,1.47,4.99,2.26,1.03,7.0,4.0,25011907.0,-258.72,-3.2,20.55,51.51,42.26,21.5,59.935964707935796
ESP,2025-01-19 16:54:30,-36.827948,174.7633653,79.38,78.37,277.74,146.0,38.42,61.91,24.98,1.25,276.8,0.34,-66.1,-23.05,-12.93,0.0,-3.78,5.7,15.1,38.16,18.35,-2.07,-2.22,1110.71,1152.96,1112.2,0.15,1.47,0.17,0.57,4.99,4.88,1.03,7.0,4.0,25011907.0,-268.72,-3.2,12.46,57.16,42.26,12.7,61.52599998910327
ESP,2025-01-19 16:54:40,-36.8276865,174.7610022,70.38,71.99,252.7,167.31,38.3,64.82,10.06,-16.25,258.31,-1.67,-65.45,10.26,9.46,0.0,3.82,-0.95,-5.43,-15.37,-0.8,-0.35,1.47,1010.62,840.72,1008.21,4.96,1.48,-0.38,-0.33,0.91,6.31,-0.01,7.0,4.0,25011907.0,-278.72,-3.2,15.59,16.53,42.26,4.1,63.3809974205398
ESP,2025-01-19 16:54:50,-36.8289278,174.7600036,65.74,64.06,198.89,-145.71,39.63,62.58,-36.02,1.91,199.4,-1.84,-53.78,30.12,28.42,0.0,26.76,24.66,22.65,-7.31,-24.91,-1.95,0.5,872.84,952.64,940.5,-2.52,1.46,1.44,5.0,1.61,-0.82,-0.06,7.0,4.0,25011907.0,-288.72,-3.2,49.51,105.66,42.26,24.8,64.80704764971813
ESP,2025-01-19 16:55:00,-36.8305093,174.7588716,73.89,73.0,217.74,-155.18,38.26,61.95,-24.53,0.5,218.22,-1.63,-70.03,30.14,29.72,0.0,28.99,28.23,28.08,-2.1,-21.24,-1.14,0.27,1079.82,1081.02,1118.44,-1.13,1.46,0.45,4.99,0.2,-0.82,5.93,7.0,4.0,25011907.0,-298.62,-3.2,35.27,240.28,42.26,16.4,61.58399989081592
ESP,2025-01-19 16:55:10,-36.831866,174.7575191,68.18,67.89,198.4,-157.32,38.09,60.85,-28.48,-7.13,201.66,-3.05,-62.59,23.38,12.69,0.0,3.01,-7.35,-15.03,-38.3,-24.44,-0.17,4.72,1422.5,1160.17,1461.06,2.47,1.45,0.94,4.99,-2.06,-0.71,7.52,7.0,4.0,25011907.0,-308.72,-3.2,30.04,344.62,42.26,8.5,61.9780067550982
ESP,2025-01-19 16:55:20,-36.8335473,174.7567759,76.83,76.32,223.87,-156.99,37.61,54.09,-19.53,3.83,221.92,-0.28,-71.13,22.52,22.01,0.0,21.58,20.82,19.88,-2.54,-20.1,-0.21,0.29,856.52,834.98,955.91,-1.85,1.13,-0.63,4.99,-0.36,-0.71,4.53,7.0,4.0,25011907.0,-318.72,-3.2,16.18,321.06,42.26,0.6,55.605591420720486
ESP,2025-01-19 16:55:30,-36.8347304,174.7551728,65.97,65.3,218.19,-160.33,33.3,60.11,-19.81,-6.2,219.11,-0.64,-61.1,18.51,19.11,0.0,19.06,18.91,18.3,-0.21,-20.98,-1.37,0.33,682.68,670.89,680.15,1.78,1.58,1.28,4.99,0.71,-0.71,5.05,7.0,4.0,25011907.0,-328.62,-3.2,8.02,147.81,42.26,0.6,58.38716223742494
ESP,2025-01-19 16:55:40,-36.8357513,174.7559371,54.48,55.42,120.13,-62.27,35.68,58.85,-24.34,-0.45,120.17,-0.35,27.82,18.23,10.83,0.0,3.98,-3.08,-10.2,-28.45,-19.82,-2.24,2.03,1136.43,992.26,1003.92,-1.13,2.83,4.62,2.63,3.74,-0.71,-2.28,7.0,5.0,25011907.0,-338.72,-3.2,9.03,84.52,42.26,9.2,59.26599913914882
ESP,2025-01-19 16:55:50,-36.8355561,174.7569555,42.36,42.29,4.56,52.75,37.26,58.0,24.42,-2.53,7.43,-0.48,25.87,-18.4,-11.2,0.0,-4.31,2.35,9.06,27.46,16.05,-3.56,-1.01,423.97,364.75,226.95,2.34,3.1,6.6,7.07,3.47,0.65,-2.26,7.0,5.0,25011907.0,-348.72,-3.2,69.93,74.29,42.26,47.9,58.15199890050322
ESP,2025-01-19 16:56:00,-36.8344146,174.7573866,51.72,52.26,18.22,45.84,34.91,63.18,18.23,-0.93,20.42,-0.06,41.15,-16.4,-10.89,0.0,-5.85,-1.2,3.79,20.23,12.71,-1.89,-0.41,853.99,808.23,834.58,1.19,3.03,5.32,3.91,5.0,-1.88,-2.26,7.0,5.0,25011907.0,-358.62,-3.2,55.44,196.01,42.26,40.4,60.745071580839415
ESP,2025-01-19 16:56:10,-36.8331781,174.7579293,54.07,53.59,11.26,43.59,39.6,60.2,18.58,1.43,12.68,0.32,34.83,-15.76,-7.48,0.0,0.81,9.32,17.65,33.37,12.1,-1.95,0.42,1117.34,1018.85,951.81,0.46,2.88,4.88,3.92,5.0,-4.88,-2.26,7.0,5.0,25011907.0,-368.62,-3.2,40.44,329.07,42.26,32.0,62.15103839445341
ESP,2025-01-19 16:56:20,-36.8318076,174.7584515,60.12,59.76,16.57,42.77,38.04,59.48,17.11,-0.2,17.88,0.79,45.4,-16.05,-9.15,0.0,-2.31,4.31,11.12,27.19,12.26,-2.33,0.86,1134.69,911.71,1009.97,-0.19,2.89,4.51,2.04,5.0,-4.84,-2.26,7.0,5.0,25011907.0,-378.72,-3.2,28.85,385.6,42.26,23.3,59.3399995370415
ESP,2025-01-19 16:56:30,-36.8303132,174.7590771,66.35,67.11,21.76,45.49,40.05,61.25,18.63,3.57,17.94,4.79,45.61,-16.06,-9.17,0.0,-2.61,3.96,11.09,27.14,12.56,-3.04,-0.63,1175.18,1090.75,1087.91,-1.46,2.74,3.61,1.8,5.0,-4.62,-2.26,7.0,5.0,25011907.0,-387.02,-3.2,18.36,267.73,42.26,15.6,60.25199694760892
ESP,2025-01-19 16:56:40,-36.8289855,174.7599748,53.95,54.73,20.58,41.72,36.11,66.59,16.2,-3.26,23.46,-0.35,41.0,-16.07,-10.61,0.0,-5.13,0.1,5.46,21.59,11.5,-2.65,0.55,942.14,882.32,895.61,3.57,2.65,4.22,4.64,4.99,-4.68,-2.26,7.0,5.0,25011907.0,-395.12,-3.2,18.35,196.65,42.26,9.4,65.04217747759942
ESP,2025-01-19 16:56:50,-36.8277271,174.7604997,46.16,48.76,42.26,27.97,37.11,62.78,14.71,26.14,32.44,4.81,37.9,-8.34,-3.66,0.0,-2.82,-1.29,1.47,10.06,4.4,-1.61,1.14,997.49,775.89,916.86,-10.85,3.12,1.1,1.06,2.19,-4.64,-0.38,7.0,5.0,25011907.0,-400.62,-3.2,8.0,105.81,42.26,9.4,64.33198193552983
ESP,2025-01-19 16:57:00,-36.8279949,174.76177,51.45,51.76,103.48,-55.32,38.72,57.45,-24.52,-5.88,107.86,-3.16,29.22,16.27,6.65,0.0,-2.3,-11.42,-20.21,-36.53,-21.55,-0.82,7.88,1407.82,1055.41,1516.35,1.5,3.1,0.0,5.0,-0.02,0.87,-2.34,7.0,5.0,25011907.0,-418.72,0.0,0.0,63.55,0.0,0.0,60.47511968361459
ESP,2025-01-19 16:57:10,-36.8283075,174.7633207,52.65,53.52,111.23,-51.78,37.49,55.5,-21.57,-0.31,112.12,-0.83,31.03,16.39,9.61,0.0,3.46,-2.93,-9.31,-25.7,-13.29,-1.92,-1.18,1134.14,1256.23,1231.31,-1.58,2.77,4.61,5.0,3.99,0.87,-4.95,7.0,5.0,25011907.0,-428.62,0.0,47.28,93.99,0.0,30.3,55.15098563351657
ESP,2025-01-19 16:57:20,-36.8289214,174.7649439,60.24,61.42,111.18,-55.27,34.16,58.66,-20.14,0.12,111.5,-0.6,32.03,16.33,5.94,0.0,-3.83,-13.98,-23.17,-39.5,-10.32,-2.28,-0.91,1014.67,1084.08,983.6,-0.24,2.75,4.18,5.0,3.26,0.87,-4.84,7.0,5.0,25011907.0,-438.62,0.0,31.87,137.48,0.0,17.3,57.73003728039656
ESP,2025-01-19 16:57:30,-36.8294091,174.7666668,57.91,58.68,122.35,-56.38,35.16,57.55,-21.68,0.84,123.2,-1.47,29.36,16.29,7.92,0.0,-0.02,-8.24,-16.19,-32.6,-14.73,-1.81,0.89,1231.68,1129.98,1228.08,-0.41,2.11,3.11,4.99,2.85,0.87,-2.17,7.0,5.0,25011907.0,-448.72,0.0,27.32,161.54,0.0,7.8,57.58299673874639
ESP,2025-01-19 16:57:40,-36.830121,174.7681855,50.96,52.44,126.94,-58.55,29.76,58.24,-21.47,2.5,126.03,0.06,29.28,16.38,14.4,0.0,12.38,10.28,8.18,-8.11,-12.34,-0.78,-2.41,694.29,863.84,819.87,-2.41,1.87,3.02,4.99,2.62,0.86,2.65,7.0,5.0,25011907.0,-458.72,0.0,20.18,184.8,0.0,0.1,58.45200018112173
ESP,2025-01-19 16:57:50,-36.8314946,174.7683774,71.36,71.1,200.7,-125.24,31.38,68.58,-26.81,1.41,200.47,-1.2,-52.0,23.56,15.28,0.0,7.09,-1.35,-9.93,-33.47,-17.64,-1.29,3.29,1102.95,929.82,1086.83,-0.79,0.78,-0.72,4.99,0.42,0.86,4.14,7.0,6.0,25011907.0,-468.62,0.0,24.54,196.32,0.0,13.1,64.17828995742204
ESP,2025-01-19 16:58:00,-36.8331132,174.7673801,76.37,75.98,218.72,-139.58,34.49,73.07,-24.86,2.25,217.09,-0.46,-62.32,22.76,14.29,0.0,6.33,-2.31,-10.48,-33.24,-17.24,-0.45,1.67,693.1,589.97,732.71,-0.84,0.9,-0.95,4.99,0.16,0.86,4.13,7.0,6.0,25011907.0,-478.62,0.0,20.53,228.25,0.0,20.0,71.07199146071969
ESP,2025-01-19 16:58:10,-36.8343721,174.7658005,61.88,62.56,254.66,-170.34,33.58,76.21,-8.48,15.98,248.65,1.11,-60.04,-16.0,-12.15,0.0,-4.68,0.98,7.38,23.08,5.29,0.27,-2.41,834.14,862.6,966.13,-4.94,1.0,-0.02,-0.33,-0.9,-0.92,4.14,7.0,6.0,25011907.0,-488.72,0.0,37.69,140.11,0.0,0.7,75.12301072028063
ESP,2025-01-19 16:58:20,-36.8339281,174.7640652,65.54,63.48,289.76,154.15,35.27,79.53,22.87,-0.89,290.54,-0.27,-59.84,-22.82,-17.12,0.0,-11.9,-6.5,-1.1,21.72,18.34,-1.07,-4.54,765.3,892.14,967.2,1.75,0.66,-0.55,0.95,5.0,1.93,-0.88,7.0,6.0,25011907.0,-498.62,0.0,68.73,226.96,0.0,21.9,77.64998084820671
ESP,2025-01-19 16:58:30,-36.8333667,174.7621404,72.32,69.53,289.74,152.65,33.61,81.2,19.61,-1.77,290.74,-0.26,-63.74,-23.22,-15.38,0.0,-8.56,-1.52,5.62,28.82,24.33,0.04,-4.44,1203.46,1356.98,1455.65,1.5,0.31,-1.67,-0.47,5.0,1.98,-0.86,7.0,6.0,25011907.0,-508.62,0.0,53.33,344.57,0.0,11.4,80.50199961576874
ESP,2025-01-19 16:58:40,-36.8328389,174.7599623,72.66,70.89,292.21,143.69,34.17,78.72,23.13,0.51,293.18,-0.6,-53.44,-22.92,-17.14,0.0,-11.9,-6.65,-1.23,21.76,19.97,-0.9,-0.07,1279.36,1222.23,1394.19,0.91,0.85,-0.79,-0.4,5.0,1.99,-0.86,7.0,6.0,25011907.0,-518.72,0.0,41.06,374.19,0.0,0.8,79.64697359809594
ESP,2025-01-19 16:58:50,-36.8323278,174.7578916,65.49,64.75,258.98,145.24,34.01,73.2,24.29,-15.47,264.22,-2.31,-60.15,1.75,4.72,0.0,2.32,0.22,-0.58,-1.95,11.64,-1.72,1.27,1110.28,1062.53,1057.4,5.2,1.02,0.0,1.02,0.53,1.97,0.23,7.0,6.0,25011907.0,-528.72,0.0,28.51,420.08,0.0,0.1,76.67421365979195
ESP,2025-01-19 16:59:00,-36.8335253,174.7568833,69.5,68.73,213.04,-150.99,39.25,65.03,-28.55,-2.27,212.28,0.23,-61.69,23.23,18.89,0.0,14.02,9.05,4.59,-18.77,-21.29,-1.38,2.92,575.07,469.33,480.41,-0.55,0.43,-1.32,4.99,1.32,1.98,-0.04,7.0,6.0,25011907.0,-538.62,0.0,19.19,325.39,0.0,7.8,68.14581009158326
ESP,2025-01-19 16:59:10,-36.8349803,174.7561899,54.08,56.02,152.67,-91.02,33.76,60.56,-33.71,-9.65,155.7,-1.9,9.57,17.66,12.14,0.0,6.97,1.48,-3.55,-21.16,-29.88,0.58,6.58,655.1,335.79,757.1,4.52,0.41,-0.41,4.99,0.24,1.97,-4.49,7.0,7.0,25011907.0,-548.72,0.0,11.22,169.35,0.0,0.0,62.965050005910385
ESP,2025-01-19 16:59:20,-36.8357547,174.7575322,53.55,54.99,118.35,-55.59,33.65,58.97,-20.95,1.15,117.77,-0.35,38.57,17.71,10.29,0.0,3.55,-3.84,-10.84,-28.54,-15.04,-1.38,2.11,795.1,683.36,793.71,-2.26,1.99,2.95,4.99,3.22,1.97,-4.53,7.0,7.0,25011907.0,-558.72,0.0,8.29,65.09,0.0,8.9,59.15299604383056
ESP,2025-01-19 17:12:01,-36.8321186,174.7619851,19.87,21.5,106.1,-50.22,32.11,53.06,-31.46,9.86,103.8,-0.78,12.39,-22.12,-21.78,0.0,-21.99,-22.11,-21.74,0.37,-13.23,-0.37,2.28,34.43,-3.79,115.08,-11.1,1.4,6.43,5.0,5.32,-0.1,0.73,7.0,0.0,25011908.0,120.28,88.95,145.13,506.43,-334.06,145.9,53.06
ESP,2025-01-19 17:12:10,-36.8326197,174.7622343,35.03,33.91,198.08,-129.39,33.1,57.94,-60.56,7.08,191.18,2.41,-24.09,22.1,16.94,0.0,11.54,5.96,0.42,-21.69,-38.81,-2.03,3.5,33.84,-157.93,-34.91,-6.75,0.4,2.57,5.0,4.95,-0.09,0.72,7.0,0.0,25011908.0,111.28,80.9,59.46,477.05,-282.73,63.6,55.076906544239485
ESP,2025-01-19 17:12:20,-36.8333589,174.7618183,30.01,29.71,197.08,-147.25,36.89,61.61,-92.55,-6.94,196.67,-1.46,-25.56,21.93,16.34,0.0,10.99,5.46,0.07,-21.84,-37.49,0.22,2.34,164.5,68.1,280.57,5.05,0.35,3.21,5.0,0.43,-0.1,0.73,7.0,0.0,25011908.0,101.28,34.7,51.74,386.61,-238.45,51.4,61.38609052666547
ESP,2025-01-19 17:12:30,-36.8339019,174.7624171,32.06,34.08,113.45,-59.35,34.07,55.33,-31.16,2.29,113.21,-0.96,19.5,18.97,16.84,0.0,15.13,13.26,11.5,-7.46,-37.18,-0.52,2.64,130.79,-40.73,156.13,-1.32,2.24,6.51,5.0,1.09,-0.1,0.75,7.0,0.0,25011908.0,91.38,17.35,87.12,366.73,-168.66,87.6,57.84896025040155
ESP,2025-01-19 17:12:40,-36.8342493,174.7632994,28.33,30.33,113.16,-62.07,35.81,54.92,-35.84,0.37,114.17,-1.77,12.64,1.99,2.02,0.0,1.75,1.43,1.31,-0.68,-30.19,-0.26,3.83,83.68,-68.24,172.93,0.67,2.24,7.28,5.0,-0.02,-0.1,0.75,7.0,0.0,25011908.0,81.38,-100.0,85.83,393.72,-92.28,87.1,55.52500010943363
ESP,2025-01-19 17:12:50,-36.8346287,174.7641668,29.6,31.1,128.06,-61.92,31.65,56.97,-32.46,2.12,127.0,-0.91,10.36,18.88,16.94,0.0,15.03,12.94,10.9,-7.95,-37.53,-1.26,2.88,102.19,-62.44,156.77,-2.15,2.25,7.29,5.0,1.03,-0.1,0.77,7.0,0.0,25011908.0,71.38,-100.0,56.32,364.5,-7.11,57.2,55.02696023155694
ESP,2025-01-19 17:13:00,-36.8352656,174.7650202,44.27,44.61,136.33,-76.16,34.63,60.22,-32.98,2.11,135.46,-0.59,7.82,18.9,11.69,0.0,4.91,-2.33,-9.1,-27.99,-26.71,-3.21,3.64,634.08,488.02,443.2,-1.98,2.86,6.11,4.99,7.63,-0.1,0.76,7.0,0.0,25011908.0,61.28,-100.0,27.09,281.61,91.53,28.0,59.51503130034583
ESP,2025-01-19 17:13:10,-36.8363069,174.766298,57.42,59.78,120.24,-59.44,34.14,59.85,-22.36,-5.8,122.55,-1.26,33.72,18.95,15.12,0.0,11.48,7.71,4.14,-14.81,-21.5,-1.08,-2.54,890.18,1133.8,1190.23,1.22,1.79,2.22,-1.9,0.86,-0.09,0.85,7.0,0.0,25011908.0,51.28,31.55,12.7,144.78,240.01,12.2,60.376000601924204
ESP,2025-01-19 17:13:20,-36.8363397,174.7675322,25.93,27.0,49.21,26.22,33.76,60.91,15.02,-2.22,51.66,0.64,23.65,-2.61,-2.29,0.0,-2.21,-2.15,-2.01,0.6,6.51,0.5,-8.03,360.99,504.08,789.26,5.17,1.13,5.43,-0.23,-0.86,-0.1,0.81,7.0,0.0,25011908.0,41.28,21.25,59.42,109.58,302.5,59.7,60.31299974600451
ESP,2025-01-19 17:13:30,-36.8358229,174.768106,29.6,30.56,44.24,39.16,35.17,70.56,22.72,9.1,41.01,3.63,21.98,-18.92,-14.82,0.0,-10.78,-7.04,-3.59,15.46,19.32,2.77,-6.32,436.22,775.19,997.64,-8.5,0.73,3.91,2.24,4.99,3.48,0.81,7.0,0.0,25011908.0,31.28,15.75,48.87,152.84,269.52,50.1,66.93243106138127
ESP,2025-01-19 17:13:40,-36.8355,174.768671,20.13,20.32,44.05,24.46,35.33,71.89,16.14,-1.47,46.71,1.56,16.56,-17.82,-17.04,0.0,-16.48,-16.12,-15.15,2.6,23.6,-1.54,-7.74,-3.2,317.71,88.98,3.4,0.76,5.26,0.66,4.99,3.44,0.81,7.0,0.0,25011908.0,21.28,6.0,57.37,179.89,254.4,59.4,72.6530083163535
ESP,2025-01-19 17:13:50,-36.8349643,174.7689927,36.22,33.73,345.58,79.84,36.86,70.02,39.59,-11.65,352.24,-1.35,4.18,-17.76,-10.29,0.0,-3.13,4.17,11.48,29.2,31.2,-2.25,-6.01,101.05,376.62,131.77,9.44,0.1,2.44,7.75,4.99,2.31,0.81,7.0,0.0,25011908.0,11.38,-0.9,82.09,197.6,218.74,81.6,70.94000318949409
ESP,2025-01-19 17:14:00,-36.8337644,174.7681877,67.28,65.42,329.17,103.83,36.22,71.53,29.61,4.1,330.57,-1.25,-14.84,-17.78,-10.09,0.0,-2.96,4.6,11.97,29.72,19.8,-1.36,-1.28,883.02,701.72,859.31,0.44,1.14,0.53,2.27,4.99,-4.98,0.81,7.0,0.0,25011908.0,1.28,-2.5,44.67,268.05,73.56,45.9,70.631005415387
ESP,2025-01-19 17:14:10,-36.8320972,174.7671246,75.98,75.7,332.7,105.62,40.07,73.27,29.81,1.19,334.35,-1.2,-22.36,-17.76,-9.65,0.0,-2.05,5.82,13.85,31.59,20.28,-0.46,-2.73,1025.48,1093.87,1223.92,0.61,1.14,-0.41,1.21,4.99,-4.86,0.81,7.0,1.0,25011908.0,-8.72,-2.5,27.07,313.05,52.21,27.3,72.41999868413158
ESP,2025-01-19 17:14:20,-36.8304113,174.7660295,79.18,77.39,328.74,99.59,32.99,73.26,23.98,-0.39,329.47,0.47,-4.08,-17.77,-9.22,0.0,-1.25,6.58,14.96,32.77,17.14,-2.07,-2.31,1302.56,1327.61,1425.27,0.66,1.21,-0.37,0.83,4.99,-4.84,0.81,7.0,1.0,25011908.0,-18.72,-2.5,17.98,296.35,52.21,18.2,73.84800013310532
ESP,2025-01-19 17:14:30,-36.8292443,174.7641426,85.33,83.91,280.05,135.23,36.82,66.15,22.87,-2.15,281.7,-0.89,-69.27,-17.76,-9.69,0.0,-2.17,5.51,13.28,31.05,17.31,-1.86,-1.29,1240.11,1299.99,1282.01,1.48,0.91,-1.33,0.85,4.99,0.23,0.81,7.0,2.0,25011908.0,-28.72,-2.5,23.71,188.89,52.21,23.3,70.24134193826245
ESP,2025-01-19 17:14:40,-36.82933,174.7620361,57.54,56.75,213.94,-159.12,35.92,63.99,-30.37,-5.09,215.85,-1.88,-53.91,23.47,16.02,0.0,8.63,0.54,-6.88,-30.44,-25.31,-0.21,3.26,1336.33,1204.25,1540.08,0.58,1.1,0.92,-0.25,0.09,1.89,0.0,7.0,2.0,25011908.0,-38.72,-2.5,62.97,206.72,52.21,28.9,64.1769927998174
ESP,2025-01-19 17:14:50,-36.8307959,174.7610297,72.56,72.02,207.95,-150.16,37.14,61.2,-25.85,-2.53,208.03,-0.64,-63.55,24.46,21.06,0.0,17.52,13.77,10.06,-14.38,-17.19,-0.86,-1.66,1178.75,1222.86,1230.74,-0.28,1.22,0.0,4.99,0.54,1.89,1.6,7.0,2.0,25011908.0,-48.62,-2.5,35.41,328.49,52.21,19.5,61.87998263360228
ESP,2025-01-19 17:15:00,-36.8324916,174.7600191,76.76,76.51,207.33,-154.13,36.61,57.0,-19.61,2.45,205.52,-0.14,-69.58,23.41,19.86,0.0,16.64,13.18,9.79,-13.6,-19.12,-1.23,2.35,1295.58,1188.69,1262.99,-2.25,1.32,-0.03,4.99,0.34,1.88,3.64,7.0,2.0,25011908.0,-58.72,-2.5,22.53,426.69,52.21,8.5,58.77797636646541
ESP,2025-01-19 17:15:10,-36.8341012,174.7589296,67.84,68.39,223.42,-157.73,36.26,54.46,-18.62,20.56,215.67,1.57,-61.25,14.23,8.75,0.0,7.12,4.72,2.66,-11.75,-15.08,-1.76,0.54,1324.21,1196.1,1193.17,-6.4,1.34,-0.38,0.38,1.05,0.08,3.59,7.0,2.0,25011908.0,-68.72,-2.5,16.93,246.26,52.21,0.1,55.96601828200284
ESP,2025-01-19 17:15:20,-36.8340426,174.7570549,74.44,72.28,273.61,144.08,38.37,57.97,26.47,-3.23,275.27,-0.9,-62.82,-23.39,-16.24,0.0,-9.35,-2.35,4.48,27.93,17.72,-1.86,-1.21,798.93,810.01,796.19,1.94,1.31,0.19,1.11,5.0,-0.08,-0.77,7.0,2.0,25011908.0,-78.72,-2.5,20.42,253.26,52.21,21.3,56.41112766179431
ESP,2025-01-19 17:15:30,-36.8338429,174.7547938,78.85,76.86,280.55,145.02,37.45,60.7,23.57,6.46,279.94,-0.79,-64.14,-17.31,-11.75,0.0,-6.57,-1.1,4.46,21.78,21.82,-2.2,0.21,899.66,819.81,874.26,-0.79,1.61,0.52,2.25,5.0,-3.52,-0.7,7.0,2.0,25011908.0,-88.72,-2.5,10.38,180.92,52.21,0.1,59.15799444538456
ESP,2025-01-19 17:15:40,-36.8326115,174.7543481,52.9,53.3,23.97,45.37,36.35,64.89,17.28,-4.13,28.47,-1.92,41.66,-15.37,-6.91,0.0,0.57,8.61,16.34,31.63,12.5,-2.56,-1.69,1120.13,1236.84,1086.53,4.43,2.87,4.81,5.13,5.0,-4.95,-0.7,7.0,3.0,25011908.0,-98.62,-2.5,35.46,176.85,52.21,-14.2,62.702960718557485
ESP,2025-01-19 17:15:50,-36.831316,174.7550587,58.34,58.4,24.87,46.6,40.86,66.66,20.64,1.38,23.16,2.82,38.98,-15.33,-6.54,0.0,1.61,9.45,17.44,32.83,9.96,-2.21,0.27,1277.65,1270.04,1251.25,-1.44,2.98,4.7,1.22,5.0,-4.91,-0.7,7.0,3.0,25011908.0,-108.72,-2.5,19.53,236.07,52.21,19.9,65.67699557249875
ESP,2025-01-19 17:16:00,-36.8300091,174.755924,56.94,57.96,28.69,39.41,38.66,68.5,16.23,0.77,29.02,0.88,45.51,-15.84,-10.38,0.0,-4.58,0.95,6.67,22.57,11.08,-2.39,0.31,1061.77,1121.4,1016.67,0.57,2.99,4.75,3.42,5.0,-4.87,-0.7,7.0,3.0,25011908.0,-118.72,-2.5,11.36,122.88,52.21,11.5,68.2340090573373
ESP,2025-01-19 17:16:10,-36.8289103,174.7567687,41.48,44.34,70.77,5.31,37.65,68.32,4.21,28.69,59.37,4.32,41.22,15.32,11.43,0.0,6.1,0.84,-3.43,-18.64,-11.34,1.78,-0.86,1235.96,1167.31,1517.69,-12.74,3.0,-3.7,-1.57,-2.43,-4.88,0.42,7.0,3.0,25011908.0,-128.72,-2.5,16.65,26.28,52.21,6.0,68.41599998382117
ESP,2025-01-19 17:16:20,-36.829338,174.7578315,41.72,41.97,116.56,-53.81,35.01,68.65,-26.56,0.78,118.96,-3.42,24.57,16.31,6.39,0.0,-2.9,-12.24,-21.78,-38.09,-12.73,-1.04,-0.3,837.44,846.82,954.44,-0.3,3.36,6.66,5.0,3.64,0.69,0.54,7.0,3.0,25011908.0,-138.62,-2.5,102.44,90.42,52.21,45.8,69.26999643495954
ESP,2025-01-19 17:16:30,-36.829873,174.7592705,56.63,57.13,105.74,-49.0,36.08,64.35,-20.48,1.22,107.16,-2.21,37.92,16.32,6.51,0.0,-2.78,-12.25,-21.48,-37.81,-9.72,-3.14,-0.11,1029.73,1096.5,1018.5,0.46,3.41,5.54,5.0,3.9,0.69,-4.93,7.0,3.0,25011908.0,-148.62,-2.5,69.9,187.33,52.21,37.4,66.56703268675669
ESP,2025-01-19 17:16:40,-36.8303022,174.7609943,56.7,57.54,108.17,-42.58,35.64,62.93,-18.4,0.03,111.61,-3.99,39.26,16.33,7.46,0.0,-0.75,-9.13,-17.26,-33.58,-10.87,-3.02,-1.25,1326.86,1278.82,1279.36,1.52,3.37,5.59,5.0,2.78,0.69,-4.92,7.0,3.0,25011908.0,-158.62,-2.5,62.02,280.06,52.21,28.2,62.70799436502422
ESP,2025-01-19 17:16:50,-36.830817,174.7626876,53.0,54.39,119.5,-39.95,31.28,66.25,-14.21,3.53,117.1,1.02,40.52,16.38,9.29,0.0,2.64,-4.49,-11.27,-27.63,-11.47,-3.0,-1.32,930.84,966.97,844.69,-2.72,3.38,5.82,4.99,5.12,0.69,-4.95,7.0,3.0,25011908.0,-168.72,-2.5,54.61,377.68,52.21,19.0,64.04994425169689
ESP,2025-01-19 17:17:00,-36.831495,174.7641941,54.9,56.19,116.07,-42.84,32.88,71.97,-16.6,-0.18,117.32,-1.65,41.84,16.34,7.61,0.0,-0.73,-9.41,-17.54,-33.85,-12.26,-2.41,-0.07,898.73,916.83,918.34,0.11,3.08,5.01,4.99,3.31,0.69,-4.93,7.0,3.0,25011908.0,-178.72,-2.5,42.91,428.57,52.21,10.0,70.42415360705509
ESP,2025-01-19 17:17:10,-36.8321482,174.7658342,58.98,60.55,112.25,-42.94,36.66,72.22,-18.11,-1.39,114.91,-2.74,43.67,16.34,7.69,0.0,-0.54,-9.06,-17.16,-33.48,-12.82,-2.0,0.63,1104.59,1114.86,1126.52,1.69,3.23,5.03,4.99,1.35,0.69,-4.9,7.0,3.0,25011908.0,-188.62,-2.5,31.3,376.58,52.21,0.6,72.31399998000241
ESP,2025-01-19 17:17:20,-36.8320581,174.7672017,43.91,44.31,17.36,43.09,36.16,66.95,19.77,-2.23,19.66,0.21,33.66,-16.49,-5.71,0.0,4.44,14.59,23.19,39.65,13.36,0.08,-1.55,1014.3,1111.0,1164.42,1.32,3.21,6.32,4.62,4.18,0.05,-4.89,7.0,3.0,25011908.0,-198.62,-2.5,34.63,324.69,52.21,21.9,69.84406696612179
ESP,2025-01-19 17:17:30,-36.8309948,174.767501,49.25,48.72,13.92,56.53,33.35,66.72,23.07,0.34,14.28,1.36,29.37,-16.26,-5.02,0.0,5.56,16.52,26.46,42.72,11.35,-2.11,-2.59,844.87,909.48,882.85,-0.52,3.22,5.95,3.59,4.99,0.23,1.06,7.0,3.0,25011908.0,-208.72,-2.5,23.09,275.87,52.21,11.2,66.00399846706809
ESP,2025-01-19 17:17:40,-36.8297023,174.7678265,56.16,55.84,11.5,57.12,29.0,67.22,19.98,-0.74,10.69,2.08,29.77,-19.94,-12.15,0.0,-4.42,3.64,11.87,31.77,15.06,-1.96,-2.57,1135.65,1256.92,1229.73,1.87,2.78,0.6,1.77,4.99,1.62,1.06,7.0,3.0,25011908.0,-218.72,-2.5,11.33,169.74,52.21,0.1,67.2560000464749
ESP,2025-01-19 17:17:50,-36.8285619,174.7669814,70.96,70.22,286.55,116.33,32.8,66.39,27.69,-1.28,286.09,0.58,-28.51,-19.93,-11.6,0.0,-3.12,5.41,13.93,33.9,14.0,-2.88,-0.83,1247.09,1248.68,1164.01,1.22,1.5,0.98,1.01,4.99,6.39,1.06,7.0,4.0,25011908.0,-228.72,-2.5,26.43,72.58,52.21,0.1,67.20200267539794
ESP,2025-01-19 17:18:00,-36.8282797,174.7647087,79.45,78.54,272.22,147.81,33.83,59.7,19.41,-0.62,272.34,-0.24,-74.01,-22.99,-17.01,0.0,-10.93,-4.95,1.3,24.36,15.18,-2.33,-0.46,1216.58,1181.54,1176.58,0.93,1.75,0.69,1.05,4.99,6.23,1.06,7.0,4.0,25011908.0,-238.72,-2.5,24.31,71.56,52.21,11.2,61.11577453444215
ESP,2025-01-19 17:18:10,-36.8281796,174.7623871,73.45,72.46,276.92,161.33,34.14,65.97,15.46,-0.58,276.94,0.16,-69.4,-25.34,-20.31,0.0,-16.21,-12.19,-7.96,17.45,17.89,-2.38,-2.24,1114.03,1171.66,1089.67,0.8,1.93,1.43,1.33,4.99,5.32,1.06,7.0,4.0,25011908.0,-248.62,-2.5,13.01,97.38,52.21,3.9,61.847642427839986
ESP,2025-01-19 17:18:20,-36.8283909,174.7604961,54.67,54.12,208.21,-172.81,33.09,69.87,-18.49,-9.15,213.33,-3.56,-54.36,25.02,21.76,0.0,18.81,15.58,12.63,-12.38,-16.92,-1.16,0.35,1391.94,1392.19,1537.49,2.53,1.83,2.65,0.33,0.89,5.28,-0.2,7.0,4.0,25011908.0,-258.62,-2.5,66.71,65.5,52.21,32.0,68.87103544479716
ESP,2025-01-19 17:18:30,-36.829919,174.759712,75.52,74.88,206.94,-145.28,35.84,63.35,-25.77,2.79,207.39,-1.95,-63.84,24.96,17.13,0.0,9.76,1.55,-6.57,-31.44,-18.44,-2.16,1.21,1541.22,1580.68,1582.94,-2.33,1.87,1.03,5.0,1.38,-0.78,2.12,7.0,4.0,25011908.0,-268.72,-2.5,40.4,199.46,52.21,22.9,65.3885101217211
ESP,2025-01-19 17:18:40,-36.8315491,174.7584001,79.7,79.24,216.01,-155.17,32.63,62.49,-16.51,0.03,216.09,-0.99,-74.02,22.31,16.16,0.0,10.32,4.32,-1.46,-23.78,-14.78,-1.64,0.02,1408.32,1505.68,1463.18,-0.72,1.85,0.78,5.0,1.02,-0.78,2.13,7.0,4.0,25011908.0,-278.72,-2.5,27.83,336.58,52.21,12.7,62.83599972448527
ESP,2025-01-19 17:18:50,-36.8330311,174.7569396,73.24,72.13,226.08,-151.31,32.14,63.43,-20.15,0.07,225.28,-0.55,-61.95,22.98,19.22,0.0,15.33,10.96,7.03,-15.92,-17.82,-1.97,1.46,886.0,817.35,840.16,-0.03,1.82,1.21,5.0,1.74,-0.78,4.65,7.0,4.0,25011908.0,-288.72,-2.5,19.27,374.96,52.21,3.4,62.23899255580064
ESP,2025-01-19 17:19:00,-36.834349,174.7552315,78.62,77.65,219.29,-154.95,37.91,68.96,-21.09,-6.9,221.03,-1.08,-72.15,18.83,17.06,0.0,16.14,14.75,13.29,-5.53,-27.67,-2.59,1.47,871.6,720.5,665.94,1.25,2.12,1.43,5.0,1.67,-0.78,2.48,7.0,4.0,25011908.0,-298.72,-2.5,8.22,181.64,52.21,0.1,67.1500943748841
ESP,2025-01-19 17:19:10,-36.8357201,174.7558679,61.43,62.33,115.35,-53.51,34.72,67.42,-19.18,-0.29,115.45,-0.52,40.48,17.43,8.48,0.0,0.35,-8.13,-16.53,-33.96,-15.17,-2.77,1.48,1052.81,989.58,1045.94,-0.63,3.23,4.88,5.0,4.01,-0.68,-4.97,7.0,5.0,25011908.0,-308.62,-2.5,9.67,90.38,52.21,9.7,68.5180073389579
ESP,2025-01-19 17:19:20,-36.8357809,174.7573332,43.97,44.23,20.72,42.11,35.34,64.25,18.26,-4.47,24.1,-1.45,33.38,-17.53,-9.62,0.0,-2.25,5.33,12.79,30.29,13.38,-3.47,-1.67,821.59,817.28,705.74,4.35,3.25,6.62,6.24,2.71,0.66,-5.01,7.0,5.0,25011908.0,-318.62,-2.5,84.11,47.02,52.21,53.2,65.50999293019439
ESP,2025-01-19 17:19:30,-36.834676,174.7578351,51.64,51.35,16.94,50.68,34.36,67.15,20.55,1.17,16.82,1.5,30.85,-17.39,-8.81,0.0,-0.61,7.33,15.47,32.93,11.93,-2.13,-0.36,1148.71,1212.4,1156.97,0.68,3.22,5.79,1.8,5.0,-2.65,1.22,7.0,5.0,25011908.0,-328.62,-2.5,57.43,166.43,52.21,45.7,65.71901445677209
ESP,2025-01-19 17:19:40,-36.833351,174.7585136,62.12,62.57,24.88,50.96,36.84,70.04,19.09,1.9,24.31,1.86,40.14,-16.33,-10.37,0.0,-5.05,0.63,6.4,22.66,10.97,-3.05,0.52,1214.51,1053.43,1082.23,-0.28,3.06,4.66,2.46,5.0,-5.99,1.22,7.0,5.0,25011908.0,-338.72,-2.5,42.44,306.02,52.21,36.8,68.46298923494294
ESP,2025-01-19 17:19:50,-36.8320168,174.7593313,57.73,57.84,18.76,48.72,32.72,70.5,17.27,-1.46,21.16,-0.42,35.57,-16.33,-9.39,0.0,-3.05,3.72,10.46,26.79,11.75,-2.88,0.69,1246.69,1248.43,1197.03,0.75,3.04,4.93,4.22,4.99,-6.02,1.22,7.0,5.0,25011908.0,-348.72,-2.5,34.99,432.15,52.21,28.2,70.82000012245672
ESP,2025-01-19 17:20:00,-36.830642,174.7601495,57.52,58.3,24.33,29.14,34.85,68.59,10.44,-6.04,28.02,-0.75,53.03,-16.32,-9.87,0.0,-4.09,1.86,7.85,24.19,10.94,-2.84,-0.43,876.82,890.75,779.44,3.82,2.93,4.63,4.47,4.99,-5.86,1.22,7.0,5.0,25011908.0,-358.72,-2.5,26.44,308.81,52.21,18.7,70.02201452147834
ESP,2025-01-19 17:20:10,-36.8292404,174.7606085,59.91,59.98,12.37,40.26,39.41,58.04,17.21,1.41,10.89,2.41,43.29,-16.29,-7.68,0.0,0.24,8.22,16.32,32.63,10.44,-2.46,-0.5,940.7,940.31,912.71,-0.46,3.06,4.81,3.5,4.99,-5.83,1.22,7.0,5.0,25011908.0,-368.72,-2.5,12.12,177.04,52.21,8.7,62.05144888000751
ESP,2025-01-19 17:20:20,-36.827936,174.7611152,42.7,45.14,55.15,7.54,38.18,55.46,5.61,31.16,42.83,5.17,41.41,9.64,6.62,0.0,1.12,-3.94,-6.79,-16.1,-10.35,0.43,-0.9,1087.24,1086.48,1275.22,-13.53,3.1,-2.38,-1.17,-1.04,-5.83,-0.44,7.0,5.0,25011908.0,-378.72,-2.5,7.18,46.24,52.21,0.0,56.417995042749205
ESP,2025-01-19 17:20:30,-36.8282313,174.7624928,54.71,54.8,105.0,-52.78,41.07,52.46,-24.33,0.9,108.31,-3.64,34.9,16.3,5.28,0.0,-5.13,-15.74,-24.89,-41.19,-13.82,-1.98,1.39,1137.11,1031.12,1091.03,0.94,3.07,5.12,4.99,2.03,1.11,-0.61,7.0,5.0,25011908.0,-388.72,-2.5,49.26,99.97,52.21,34.2,53.99500661070918
ESP,2025-01-19 17:20:40,-36.8286416,174.7642239,54.77,55.48,109.82,-42.34,38.31,55.95,-17.63,0.86,109.85,-0.44,41.27,16.41,9.93,0.0,3.82,-2.4,-8.44,-24.93,-12.73,-3.04,-1.02,1123.48,1190.48,1074.28,-0.99,3.22,5.35,4.99,4.89,1.11,-4.97,7.0,5.0,25011908.0,-398.72,-2.5,38.93,118.27,52.21,23.3,53.55592916689188
ESP,2025-01-19 17:20:50,-36.8290853,174.7659474,59.31,60.26,103.1,-40.22,33.58,60.1,-14.96,0.86,104.35,-1.5,47.26,16.32,8.92,0.0,2.01,-5.45,-12.6,-28.91,-11.29,-3.07,-0.59,1001.35,1023.18,927.73,-0.4,3.21,5.13,4.99,2.85,1.11,-4.9,7.0,5.0,25011908.0,-408.62,-2.5,24.62,142.88,52.21,12.1,58.73402286617171
ESP,2025-01-19 17:21:00,-36.8293554,174.7676304,41.81,43.8,66.87,2.52,34.48,63.12,-0.57,-24.68,77.33,-3.52,41.79,11.87,8.72,0.0,8.73,8.18,7.54,-4.38,-4.89,0.55,-3.72,1072.26,1171.85,1392.27,13.15,1.69,-3.28,1.82,-1.3,-0.43,-4.92,7.0,5.0,25011908.0,-418.61,-2.5,16.82,138.48,52.21,4.2,61.94701536906284
ESP,2025-01-19 17:21:10,-36.8285288,174.7674679,43.66,42.86,309.91,116.52,31.71,66.06,43.18,1.12,310.78,-1.03,-16.97,-23.97,-17.66,0.0,-11.71,-5.78,0.21,24.24,23.04,-0.22,-4.51,915.93,1143.91,1222.73,1.98,1.02,2.23,4.41,4.99,3.96,1.09,7.0,6.0,25011908.0,-428.61,-2.5,10.46,61.83,52.21,-7.5,64.18095550392553
ESP,2025-01-19 17:21:20,-36.8282421,174.7659696,51.81,52.64,237.22,104.68,35.24,61.82,-4.31,-15.4,244.53,-4.1,-51.43,-22.47,-18.16,0.0,-16.31,-14.34,-12.46,10.0,15.63,-1.27,-3.34,1171.68,1294.08,1273.04,7.18,1.27,-1.56,0.62,0.25,5.7,-0.19,7.0,6.0,25011908.0,-438.61,-2.5,91.37,40.82,52.21,15.5,64.34606424373634
ESP,2025-01-19 17:21:30,-36.829423,174.7655021,56.11,55.62,184.74,-130.02,25.97,56.84,-29.17,1.62,185.95,-2.7,-27.51,24.83,18.23,0.0,11.86,4.67,-1.84,-26.55,-21.37,-1.04,1.55,1453.82,1346.31,1498.86,-2.64,1.76,2.41,5.0,1.18,-0.8,5.67,7.0,6.0,25011908.0,-448.71,-2.5,48.46,173.08,52.21,26.3,59.05300076120627
ESP,2025-01-19 17:21:40,-36.8309533,174.7648622,65.46,65.73,205.44,-140.51,32.11,62.87,-28.33,-3.67,206.51,-1.2,-56.78,22.75,22.69,0.0,22.72,22.71,22.34,-0.41,-15.56,-1.76,-1.02,1179.43,1270.2,1303.19,0.25,2.0,2.04,4.99,1.16,-0.8,5.66,7.0,6.0,25011908.0,-458.71,-2.5,43.11,349.75,52.21,18.9,59.666982513402814
ESP,2025-01-19 17:21:50,-36.8325336,174.7640302,75.2,74.28,208.99,-130.81,33.64,65.78,-26.05,1.56,207.42,-0.29,-44.95,22.71,15.01,0.0,7.62,0.21,-6.45,-29.31,-17.52,-2.4,0.07,965.24,847.74,805.8,-1.04,1.79,0.92,4.99,1.58,-0.8,6.33,7.0,6.0,25011908.0,-468.71,-2.5,28.67,393.71,52.21,10.6,63.443936687333235
ESP,2025-01-19 17:22:00,-36.8340739,174.7626254,75.6,75.14,219.84,-150.65,34.66,70.36,-21.73,1.36,219.36,-0.84,-69.41,22.74,19.24,0.0,15.83,12.37,8.98,-13.78,-18.56,-3.51,1.78,1077.77,964.29,928.17,-1.68,1.78,0.84,1.83,1.78,-0.66,6.33,7.0,6.0,25011908.0,-478.71,-2.5,18.2,277.04,52.21,1.9,69.3770919332038
ESP,2025-01-19 17:22:10,-36.8343368,174.7608329,65.62,63.76,287.37,153.79,35.46,74.44,23.03,-3.05,289.03,-0.62,-59.24,-24.54,-19.68,0.0,-14.76,-9.63,-4.54,19.97,20.66,-2.49,-4.59,916.54,1046.47,891.56,2.68,1.77,1.83,2.15,5.0,1.38,3.05,7.0,6.0,25011908.0,-488.71,-2.5,47.77,247.36,52.21,13.0,71.66987562195689
ESP,2025-01-19 17:22:20,-36.8339194,174.7589269,66.7,64.08,289.74,149.66,33.85,74.97,24.1,-0.88,290.47,-0.25,-56.29,-21.98,-17.2,0.0,-12.92,-9.03,-3.97,17.88,16.83,-2.24,-2.24,898.09,950.81,917.22,1.73,1.51,1.28,1.92,4.99,1.43,-0.83,7.0,6.0,25011908.0,-498.71,-2.5,37.78,249.66,52.21,4.0,74.39799939569961
ESP,2025-01-19 17:22:30,-36.8334461,174.7569024,61.57,61.58,281.61,147.14,34.37,73.34,28.41,-15.02,285.71,-0.47,-52.47,-21.92,-20.27,0.0,-19.1,-17.88,-16.18,5.73,15.07,-1.75,4.4,908.02,581.82,742.58,5.6,1.38,-1.15,1.03,1.65,3.86,-0.07,7.0,6.0,25011908.0,-508.61,-2.5,26.51,316.61,52.21,0.1,74.50700922973921
ESP,2025-01-19 17:22:40,-36.8344052,174.7559377,67.04,65.29,199.65,-146.88,33.73,68.06,-27.01,-10.13,200.62,-0.07,-56.62,17.4,15.72,0.0,14.56,13.29,11.83,-5.58,-29.79,-2.84,-0.95,763.24,750.14,681.27,2.74,1.88,2.25,5.0,2.62,-0.71,-2.32,7.0,6.0,25011908.0,-518.71,-2.5,13.79,222.9,52.21,2.5,71.43420493780715
ESP,2025-01-19 17:22:50,-36.8355721,174.7570741,59.5,60.54,116.33,-55.26,32.32,61.8,-19.87,-4.95,117.09,-0.09,43.41,17.4,15.08,0.0,13.27,11.26,8.93,-8.35,-19.07,-1.69,4.42,1439.89,1265.79,1367.17,-1.01,2.89,4.4,5.0,2.87,-0.6,-5.01,7.0,7.0,25011908.0,-528.71,-2.5,10.46,89.38,52.21,10.6,64.26895105712167
ESP,2025-01-19 17:23:00,-36.8358456,174.7582296,32.71,33.55,114.82,-57.99,32.72,61.04,-29.57,0.47,113.92,-0.28,17.7,17.22,12.77,0.0,8.78,4.49,0.65,-16.64,-25.91,-1.12,6.04,581.89,192.1,493.91,-0.71,2.71,7.5,5.0,4.55,-0.6,-4.9,7.0,7.0,25011908.0,-538.71,-2.5,15.52,48.5,52.21,11.0,60.840015650600314
